country,alpha_2_code,alpha_3_code,numeric_code,indicator,year,obs_value,sex,unit_multiplier,unit_of_measure,observation_status,observation_confidentaility,time_period_activity_related_to_when_the_data_are_collected,current_age
Afghanistan,AF,AFG,4,"No Wasting, Overweight, Stunting",2013,51.3,Total,Units,%,Reanalysed,Free,Middle of fieldwork,Under 5 years old
Afghanistan,AF,AFG,4,"No Wasting, Overweight, Stunting",2018,56.5,Total,Units,%,Reanalysed,Free,Middle of fieldwork,Under 5 years old
Albania,AL,ALB,8,"No Wasting, Overweight, Stunting",2005,54.1,Total,Units,%,Reanalysed,Free,Middle of fieldwork,Under 5 years old
Albania,AL,ALB,8,"No Wasting, Overweight, Stunting",2009,54.6,Total,Units,%,Reanalysed,Free,Middle of fieldwork,Under 5 years old
Albania,AL,ALB,8,"No Wasting, Overweight, Stunting",2017,74.8,Total,Units,%,Reanalysed,Free,Middle of fieldwork,Under 5 years old
Algeria,DZ,DZA,12,"No Wasting, Overweight, Stunting",1992,66.1,Total,Units,%,Reanalysed,Free,Middle of fieldwork,Under 5 years old
Algeria,DZ,DZA,12,"No Wasting, Overweight, Stunting",2000,65.6,Total,Units,%,Reanalysed,Free,Middle of fieldwork,Under 5 years old
Algeria,DZ,DZA,12,"No Wasting, Overweight, Stunting",2002,59.4,Total,Units,%,Reanalysed,Free,Middle of fieldwork,Under 5 years old
Algeria,DZ,DZA,12,"No Wasting, Overweight, Stunting",2006,71.9,Total,Units,%,Reanalysed,Free,Middle of fieldwork,Under 5 years old
Algeria,DZ,DZA,12,"No Wasting, Overweight, Stunting",2012,75.6,Total,Units,%,Reanalysed,Free,Middle of fieldwork,Under 5 years old
Algeria,DZ,DZA,12,"No Wasting, Overweight, Stunting",2019,77.7,Total,Units,%,Reanalysed,Free,Middle of fieldwork,Under 5 years old
Angola,AO,AGO,24,"No Wasting, Overweight, Stunting",1996,35.3,Total,Units,%,Reanalysed,Free,Middle of fieldwork,Under 5 years old
Angola,AO,AGO,24,"No Wasting, Overweight, Stunting",2015,57.6,Total,Units,%,Reanalysed,Free,Middle of fieldwork,Under 5 years old
Argentina,AR,ARG,32,"No Wasting, Overweight, Stunting",2005,83.2,Total,Units,%,Reanalysed,Free,Middle of fieldwork,Under 5 years old
Argentina,AR,ARG,32,"No Wasting, Overweight, Stunting",2018,78.9,Total,Units,%,Reanalysed,Free,Middle of fieldwork,Under 5 years old
Armenia,AM,ARM,51,"No Wasting, Overweight, Stunting",2000,69.1,Total,Units,%,Reanalysed,Free,Middle of fieldwork,Under 5 years old
Armenia,AM,ARM,51,"No Wasting, Overweight, Stunting",2005,70.2,Total,Units,%,Reanalysed,Free,Middle of fieldwork,Under 5 years old
Armenia,AM,ARM,51,"No Wasting, Overweight, Stunting",2010,66.3,Total,Units,%,Reanalysed,Free,Middle of fieldwork,Under 5 years old
Armenia,AM,ARM,51,"No Wasting, Overweight, Stunting",2016,76,Total,Units,%,Reanalysed,Free,Middle of fieldwork,Under 5 years old
Azerbaijan,AZ,AZE,31,"No Wasting, Overweight, Stunting",2000,65.9,Total,Units,%,Reanalysed,Free,Middle of fieldwork,Under 5 years old
Azerbaijan,AZ,AZE,31,"No Wasting, Overweight, Stunting",2006,62.9,Total,Units,%,Reanalysed,Free,Middle of fieldwork,Under 5 years old
Azerbaijan,AZ,AZE,31,"No Wasting, Overweight, Stunting",2013,71.2,Total,Units,%,Reanalysed,Free,Middle of fieldwork,Under 5 years old
Bangladesh,BD,BGD,50,"No Wasting, Overweight, Stunting",1997,30.1,Total,Units,%,Reanalysed,Free,Middle of fieldwork,Under 5 years old
Bangladesh,BD,BGD,50,"No Wasting, Overweight, Stunting",2000,42.5,Total,Units,%,Reanalysed,Free,Middle of fieldwork,Under 5 years old
Bangladesh,BD,BGD,50,"No Wasting, Overweight, Stunting",2004,42.3,Total,Units,%,Reanalysed,Free,Middle of fieldwork,Under 5 years old
Bangladesh,BD,BGD,50,"No Wasting, Overweight, Stunting",2007,46.8,Total,Units,%,Reanalysed,Free,Middle of fieldwork,Under 5 years old
Bangladesh,BD,BGD,50,"No Wasting, Overweight, Stunting",2011,49,Total,Units,%,Reanalysed,Free,Middle of fieldwork,Under 5 years old
Bangladesh,BD,BGD,50,"No Wasting, Overweight, Stunting",2013,52.1,Total,Units,%,Reanalysed,Free,Middle of fieldwork,Under 5 years old
Bangladesh,BD,BGD,50,"No Wasting, Overweight, Stunting",2014,53.9,Total,Units,%,Reanalysed,Free,Middle of fieldwork,Under 5 years old
Bangladesh,BD,BGD,50,"No Wasting, Overweight, Stunting",2018,61.8,Total,Units,%,Reanalysed,Free,Middle of fieldwork,Under 5 years old
Bangladesh,BD,BGD,50,"No Wasting, Overweight, Stunting",2019,64.1,Total,Units,%,Reanalysed,Free,Middle of fieldwork,Under 5 years old
Barbados,BB,BRB,52,"No Wasting, Overweight, Stunting",2012,76.1,Total,Units,%,Reanalysed,Free,Middle of fieldwork,Under 5 years old
Belarus,BY,BLR,112,"No Wasting, Overweight, Stunting",2005,84.9,Total,Units,%,Reanalysed,Free,Middle of fieldwork,Under 5 years old
Belgium,BE,BEL,56,"No Wasting, Overweight, Stunting",2014,94.5,Total,Units,%,Reanalysed,Free,Middle of fieldwork,Under 5 years old
Belize,BZ,BLZ,84,"No Wasting, Overweight, Stunting",2006,65.9,Total,Units,%,Reanalysed,Free,Middle of fieldwork,Under 5 years old
Belize,BZ,BLZ,84,"No Wasting, Overweight, Stunting",2011,72.2,Total,Units,%,Reanalysed,Free,Middle of fieldwork,Under 5 years old
Belize,BZ,BLZ,84,"No Wasting, Overweight, Stunting",2015,76.7,Total,Units,%,Reanalysed,Free,Middle of fieldwork,Under 5 years old
Benin,BJ,BEN,204,"No Wasting, Overweight, Stunting",1996,53.8,Total,Units,%,Reanalysed,Free,Middle of fieldwork,Under 5 years old
Benin,BJ,BEN,204,"No Wasting, Overweight, Stunting",2001,55.4,Total,Units,%,Reanalysed,Free,Middle of fieldwork,Under 5 years old
Benin,BJ,BEN,204,"No Wasting, Overweight, Stunting",2008,58.9,Total,Units,%,Reanalysed,Free,Middle of fieldwork,Under 5 years old
Benin,BJ,BEN,204,"No Wasting, Overweight, Stunting",2014,62.4,Total,Units,%,Reanalysed,Free,Middle of fieldwork,Under 5 years old
Benin,BJ,BEN,204,"No Wasting, Overweight, Stunting",2018,63.6,Total,Units,%,Reanalysed,Free,Middle of fieldwork,Under 5 years old
Bhutan,BT,BTN,64,"No Wasting, Overweight, Stunting",1999,48.8,Total,Units,%,Reanalysed,Free,Middle of fieldwork,Under 5 years old
Bhutan,BT,BTN,64,"No Wasting, Overweight, Stunting",2008,58.2,Total,Units,%,Reanalysed,Free,Middle of fieldwork,Under 5 years old
Bhutan,BT,BTN,64,"No Wasting, Overweight, Stunting",2010,58.9,Total,Units,%,Reanalysed,Free,Middle of fieldwork,Under 5 years old
"Bolivia, Plurinational State of",BO,BOL,68,"No Wasting, Overweight, Stunting",1989,53.2,Total,Units,%,Reanalysed,Free,Middle of fieldwork,Under 5 years old
"Bolivia, Plurinational State of",BO,BOL,68,"No Wasting, Overweight, Stunting",1994,57.5,Total,Units,%,Reanalysed,Free,Middle of fieldwork,Under 5 years old
"Bolivia, Plurinational State of",BO,BOL,68,"No Wasting, Overweight, Stunting",1998,59.5,Total,Units,%,Reanalysed,Free,Middle of fieldwork,Under 5 years old
"Bolivia, Plurinational State of",BO,BOL,68,"No Wasting, Overweight, Stunting",2003,60.7,Total,Units,%,Reanalysed,Free,Middle of fieldwork,Under 5 years old
"Bolivia, Plurinational State of",BO,BOL,68,"No Wasting, Overweight, Stunting",2008,65.7,Total,Units,%,Reanalysed,Free,Middle of fieldwork,Under 5 years old
"Bolivia, Plurinational State of",BO,BOL,68,"No Wasting, Overweight, Stunting",2012,74.7,Total,Units,%,Reanalysed,Free,Middle of fieldwork,Under 5 years old
"Bolivia, Plurinational State of",BO,BOL,68,"No Wasting, Overweight, Stunting",2016,74.2,Total,Units,%,Reanalysed,Free,Middle of fieldwork,Under 5 years old
Bosnia and Herzegovina,BA,BIH,70,"No Wasting, Overweight, Stunting",2000,69.4,Total,Units,%,Reanalysed,Free,Middle of fieldwork,Under 5 years old
Bosnia and Herzegovina,BA,BIH,70,"No Wasting, Overweight, Stunting",2006,65.7,Total,Units,%,Reanalysed,Free,Middle of fieldwork,Under 5 years old
Bosnia and Herzegovina,BA,BIH,70,"No Wasting, Overweight, Stunting",2012,75.4,Total,Units,%,Reanalysed,Free,Middle of fieldwork,Under 5 years old
Botswana,BW,BWA,72,"No Wasting, Overweight, Stunting",2000,60.7,Total,Units,%,Reanalysed,Free,Middle of fieldwork,Under 5 years old
Botswana,BW,BWA,72,"No Wasting, Overweight, Stunting",2007,60,Total,Units,%,Reanalysed,Free,Middle of fieldwork,Under 5 years old
Brazil,BR,BRA,76,"No Wasting, Overweight, Stunting",1989,72.2,Total,Units,%,Reanalysed,Free,Middle of fieldwork,Under 5 years old
Brazil,BR,BRA,76,"No Wasting, Overweight, Stunting",1996,79.3,Total,Units,%,Reanalysed,Free,Middle of fieldwork,Under 5 years old
Brazil,BR,BRA,76,"No Wasting, Overweight, Stunting",2007,85.3,Total,Units,%,Reanalysed,Free,Middle of fieldwork,Under 5 years old
Bulgaria,BG,BGR,100,"No Wasting, Overweight, Stunting",2007,81.3,Total,Units,%,Reanalysed,Free,Middle of fieldwork,Under 5 years old
Burkina Faso,BF,BFA,854,"No Wasting, Overweight, Stunting",1993,50.2,Total,Units,%,Reanalysed,Free,Middle of fieldwork,Under 5 years old
Burkina Faso,BF,BFA,854,"No Wasting, Overweight, Stunting",1999,48.4,Total,Units,%,Reanalysed,Free,Middle of fieldwork,Under 5 years old
Burkina Faso,BF,BFA,854,"No Wasting, Overweight, Stunting",2010,52.9,Total,Units,%,Reanalysed,Free,Middle of fieldwork,Under 5 years old
Burkina Faso,BF,BFA,854,"No Wasting, Overweight, Stunting",2011,59.3,Total,Units,%,Reanalysed,Free,Middle of fieldwork,Under 5 years old
Burkina Faso,BF,BFA,854,"No Wasting, Overweight, Stunting",2012,61,Total,Units,%,Reanalysed,Free,Middle of fieldwork,Under 5 years old
Burkina Faso,BF,BFA,854,"No Wasting, Overweight, Stunting",2013,63.1,Total,Units,%,Reanalysed,Free,Middle of fieldwork,Under 5 years old
Burkina Faso,BF,BFA,854,"No Wasting, Overweight, Stunting",2014,65.1,Total,Units,%,Reanalysed,Free,Middle of fieldwork,Under 5 years old
Burkina Faso,BF,BFA,854,"No Wasting, Overweight, Stunting",2015,63.3,Total,Units,%,Reanalysed,Free,Middle of fieldwork,Under 5 years old
Burkina Faso,BF,BFA,854,"No Wasting, Overweight, Stunting",2016,67.9,Total,Units,%,Reanalysed,Free,Middle of fieldwork,Under 5 years old
Burkina Faso,BF,BFA,854,"No Wasting, Overweight, Stunting",2017,71.7,Total,Units,%,Reanalysed,Free,Middle of fieldwork,Under 5 years old
Burkina Faso,BF,BFA,854,"No Wasting, Overweight, Stunting",2018,69,Total,Units,%,Reanalysed,Free,Middle of fieldwork,Under 5 years old
Burkina Faso,BF,BFA,854,"No Wasting, Overweight, Stunting",2019,69.9,Total,Units,%,Reanalysed,Free,Middle of fieldwork,Under 5 years old
Burkina Faso,BF,BFA,854,"No Wasting, Overweight, Stunting",2020,74.6,Total,Units,%,Reanalysed,Free,Middle of fieldwork,Under 5 years old
Burundi,BI,BDI,108,"No Wasting, Overweight, Stunting",1987,43.6,Total,Units,%,Reanalysed,Free,Middle of fieldwork,Under 5 years old
Burundi,BI,BDI,108,"No Wasting, Overweight, Stunting",2000,33,Total,Units,%,Reanalysed,Free,Middle of fieldwork,Under 5 years old
Burundi,BI,BDI,108,"No Wasting, Overweight, Stunting",2010,39,Total,Units,%,Reanalysed,Free,Middle of fieldwork,Under 5 years old
Burundi,BI,BDI,108,"No Wasting, Overweight, Stunting",2016,41.8,Total,Units,%,Reanalysed,Free,Middle of fieldwork,Under 5 years old
Burundi,BI,BDI,108,"No Wasting, Overweight, Stunting",2018,40.8,Total,Units,%,Reanalysed,Free,Middle of fieldwork,Under 5 years old
Burundi,BI,BDI,108,"No Wasting, Overweight, Stunting",2019,42.6,Total,Units,%,Reanalysed,Free,Middle of fieldwork,Under 5 years old
Burundi,BI,BDI,108,"No Wasting, Overweight, Stunting",2020,46.2,Total,Units,%,Reanalysed,Free,Middle of fieldwork,Under 5 years old
Cambodia,KH,KHM,116,"No Wasting, Overweight, Stunting",2000,39,Total,Units,%,Reanalysed,Free,Middle of fieldwork,Under 5 years old
Cambodia,KH,KHM,116,"No Wasting, Overweight, Stunting",2005,51.6,Total,Units,%,Reanalysed,Free,Middle of fieldwork,Under 5 years old
Cambodia,KH,KHM,116,"No Wasting, Overweight, Stunting",2008,54.3,Total,Units,%,Reanalysed,Free,Middle of fieldwork,Under 5 years old
Cambodia,KH,KHM,116,"No Wasting, Overweight, Stunting",2010,52.5,Total,Units,%,Reanalysed,Free,Middle of fieldwork,Under 5 years old
Cambodia,KH,KHM,116,"No Wasting, Overweight, Stunting",2014,60,Total,Units,%,Reanalysed,Free,Middle of fieldwork,Under 5 years old
Cameroon,CM,CMR,120,"No Wasting, Overweight, Stunting",1991,62.3,Total,Units,%,Reanalysed,Free,Middle of fieldwork,Under 5 years old
Cameroon,CM,CMR,120,"No Wasting, Overweight, Stunting",1998,52.8,Total,Units,%,Reanalysed,Free,Middle of fieldwork,Under 5 years old
Cameroon,CM,CMR,120,"No Wasting, Overweight, Stunting",2004,55.4,Total,Units,%,Reanalysed,Free,Middle of fieldwork,Under 5 years old
Cameroon,CM,CMR,120,"No Wasting, Overweight, Stunting",2006,51.6,Total,Units,%,Reanalysed,Free,Middle of fieldwork,Under 5 years old
Cameroon,CM,CMR,120,"No Wasting, Overweight, Stunting",2011,60.1,Total,Units,%,Reanalysed,Free,Middle of fieldwork,Under 5 years old
Cameroon,CM,CMR,120,"No Wasting, Overweight, Stunting",2014,60.6,Total,Units,%,Reanalysed,Free,Middle of fieldwork,Under 5 years old
Cameroon,CM,CMR,120,"No Wasting, Overweight, Stunting",2018,61.4,Total,Units,%,Reanalysed,Free,Middle of fieldwork,Under 5 years old
Central African Republic,CF,CAF,140,"No Wasting, Overweight, Stunting",1994,52.6,Total,Units,%,Reanalysed,Free,Middle of fieldwork,Under 5 years old
Central African Republic,CF,CAF,140,"No Wasting, Overweight, Stunting",2000,43.6,Total,Units,%,Reanalysed,Free,Middle of fieldwork,Under 5 years old
Central African Republic,CF,CAF,140,"No Wasting, Overweight, Stunting",2006,44.6,Total,Units,%,Reanalysed,Free,Middle of fieldwork,Under 5 years old
Central African Republic,CF,CAF,140,"No Wasting, Overweight, Stunting",2010,54.8,Total,Units,%,Reanalysed,Free,Middle of fieldwork,Under 5 years old
Central African Republic,CF,CAF,140,"No Wasting, Overweight, Stunting",2012,55.5,Total,Units,%,Reanalysed,Free,Middle of fieldwork,Under 5 years old
Central African Republic,CF,CAF,140,"No Wasting, Overweight, Stunting",2014,57.6,Total,Units,%,Reanalysed,Free,Middle of fieldwork,Under 5 years old
Central African Republic,CF,CAF,140,"No Wasting, Overweight, Stunting",2018,58.7,Total,Units,%,Reanalysed,Free,Middle of fieldwork,Under 5 years old
Central African Republic,CF,CAF,140,"No Wasting, Overweight, Stunting",14-03-2019,55.3,Total,Units,%,Reanalysed,Free,Middle of fieldwork,Under 5 years old
Central African Republic,CF,CAF,140,"No Wasting, Overweight, Stunting",07-11-2019,56.7,Total,Units,%,Reanalysed,Free,Middle of fieldwork,Under 5 years old
Chad,TD,TCD,148,"No Wasting, Overweight, Stunting",1997,44.9,Total,Units,%,Reanalysed,Free,Middle of fieldwork,Under 5 years old
Chad,TD,TCD,148,"No Wasting, Overweight, Stunting",2000,52.2,Total,Units,%,Reanalysed,Free,Middle of fieldwork,Under 5 years old
Chad,TD,TCD,148,"No Wasting, Overweight, Stunting",2004,43.9,Total,Units,%,Reanalysed,Free,Middle of fieldwork,Under 5 years old
Chad,TD,TCD,148,"No Wasting, Overweight, Stunting",2010,49.8,Total,Units,%,Reanalysed,Free,Middle of fieldwork,Under 5 years old
Chad,TD,TCD,148,"No Wasting, Overweight, Stunting",2015,50.6,Total,Units,%,Reanalysed,Free,Middle of fieldwork,Under 5 years old
Chad,TD,TCD,148,"No Wasting, Overweight, Stunting",2017,58.7,Total,Units,%,Reanalysed,Free,Middle of fieldwork,Under 5 years old
Chad,TD,TCD,148,"No Wasting, Overweight, Stunting",12-08-2019,59.6,Total,Units,%,Reanalysed,Free,Middle of fieldwork,Under 5 years old
Chad,TD,TCD,148,"No Wasting, Overweight, Stunting",27-08-2019,52.5,Total,Units,%,Reanalysed,Free,Middle of fieldwork,Under 5 years old
Chad,TD,TCD,148,"No Wasting, Overweight, Stunting",2020,62.4,Total,Units,%,Reanalysed,Free,Middle of fieldwork,Under 5 years old
Chad,TD,TCD,148,"No Wasting, Overweight, Stunting",2021,61.9,Total,Units,%,Reanalysed,Free,Middle of fieldwork,Under 5 years old
China,CN,CHN,156,"No Wasting, Overweight, Stunting",2000,75.4,Total,Units,%,External Reanalysis,Free,Middle of fieldwork,Under 5 years old
China,CN,CHN,156,"No Wasting, Overweight, Stunting",2005,79.6,Total,Units,%,External Reanalysis,Free,Middle of fieldwork,Under 5 years old
China,CN,CHN,156,"No Wasting, Overweight, Stunting",2010,81.4,Total,Units,%,External Reanalysis,Free,Middle of fieldwork,Under 5 years old
China,CN,CHN,156,"No Wasting, Overweight, Stunting",2013,82.3,Total,Units,%,External Reanalysis,Free,Middle of fieldwork,Under 5 years old
Colombia,CO,COL,170,"No Wasting, Overweight, Stunting",1986,69.3,Total,Units,%,Reanalysed,Free,Middle of fieldwork,Under 5 years old
Colombia,CO,COL,170,"No Wasting, Overweight, Stunting",1995,75.6,Total,Units,%,Reanalysed,Free,Middle of fieldwork,Under 5 years old
Colombia,CO,COL,170,"No Wasting, Overweight, Stunting",2000,76.7,Total,Units,%,Reanalysed,Free,Middle of fieldwork,Under 5 years old
Colombia,CO,COL,170,"No Wasting, Overweight, Stunting",2005,79,Total,Units,%,Reanalysed,Free,Middle of fieldwork,Under 5 years old
Colombia,CO,COL,170,"No Wasting, Overweight, Stunting",2010,82.4,Total,Units,%,Reanalysed,Free,Middle of fieldwork,Under 5 years old
Colombia,CO,COL,170,"No Wasting, Overweight, Stunting",2016,81,Total,Units,%,Reanalysed,Free,Middle of fieldwork,Under 5 years old
Comoros,KM,COM,174,"No Wasting, Overweight, Stunting",1996,51.3,Total,Units,%,Reanalysed,Free,Middle of fieldwork,Under 5 years old
Comoros,KM,COM,174,"No Wasting, Overweight, Stunting",2000,34.2,Total,Units,%,Reanalysed,Free,Middle of fieldwork,Under 5 years old
Comoros,KM,COM,174,"No Wasting, Overweight, Stunting",2012,54.7,Total,Units,%,Reanalysed,Free,Middle of fieldwork,Under 5 years old
Congo,CG,COG,178,"No Wasting, Overweight, Stunting",2005,58.7,Total,Units,%,Reanalysed,Free,Middle of fieldwork,Under 5 years old
Congo,CG,COG,178,"No Wasting, Overweight, Stunting",2011,68.8,Total,Units,%,Reanalysed,Free,Middle of fieldwork,Under 5 years old
Congo,CG,COG,178,"No Wasting, Overweight, Stunting",2014,68.1,Total,Units,%,Reanalysed,Free,Middle of fieldwork,Under 5 years old
Costa Rica,CR,CRI,188,"No Wasting, Overweight, Stunting",2018,82.3,Total,Units,%,Reanalysed,Free,Middle of fieldwork,Under 5 years old
Cuba,CU,CUB,192,"No Wasting, Overweight, Stunting",2019,81.6,Total,Units,%,Reanalysed,Free,Middle of fieldwork,Under 5 years old
Czech Republic,CZ,CZE,203,"No Wasting, Overweight, Stunting",2001,88.7,Total,Units,%,Reanalysed,Free,Middle of fieldwork,Under 5 years old
Ivory Coast,CI,CIV,384,"No Wasting, Overweight, Stunting",1986,69.4,Total,Units,%,Reanalysed,Free,Middle of fieldwork,Under 5 years old
Ivory Coast,CI,CIV,384,"No Wasting, Overweight, Stunting",1994,60.7,Total,Units,%,Reanalysed,Free,Middle of fieldwork,Under 5 years old
Ivory Coast,CI,CIV,384,"No Wasting, Overweight, Stunting",1998,61.1,Total,Units,%,Reanalysed,Free,Middle of fieldwork,Under 5 years old
Ivory Coast,CI,CIV,384,"No Wasting, Overweight, Stunting",2012,62.5,Total,Units,%,Reanalysed,Free,Middle of fieldwork,Under 5 years old
Ivory Coast,CI,CIV,384,"No Wasting, Overweight, Stunting",2016,73,Total,Units,%,Reanalysed,Free,Middle of fieldwork,Under 5 years old
"Congo, the Democratic Republic of the",CD,COD,180,"No Wasting, Overweight, Stunting",2001,42.5,Total,Units,%,Reanalysed,Free,Middle of fieldwork,Under 5 years old
"Congo, the Democratic Republic of the",CD,COD,180,"No Wasting, Overweight, Stunting",2007,44,Total,Units,%,Reanalysed,Free,Middle of fieldwork,Under 5 years old
"Congo, the Democratic Republic of the",CD,COD,180,"No Wasting, Overweight, Stunting",2010,49,Total,Units,%,Reanalysed,Free,Middle of fieldwork,Under 5 years old
"Congo, the Democratic Republic of the",CD,COD,180,"No Wasting, Overweight, Stunting",2013,49.7,Total,Units,%,Reanalysed,Free,Middle of fieldwork,Under 5 years old
"Congo, the Democratic Republic of the",CD,COD,180,"No Wasting, Overweight, Stunting",2017,52.2,Total,Units,%,Reanalysed,Free,Middle of fieldwork,Under 5 years old
Djibouti,DJ,DJI,262,"No Wasting, Overweight, Stunting",2013,62.7,Total,Units,%,Reanalysed,Free,Middle of fieldwork,Under 5 years old
Djibouti,DJ,DJI,262,"No Wasting, Overweight, Stunting",2019,71,Total,Units,%,Reanalysed,Free,Middle of fieldwork,Under 5 years old
Dominican Republic,DO,DOM,214,"No Wasting, Overweight, Stunting",1986,73,Total,Units,%,Reanalysed,Free,Middle of fieldwork,Under 5 years old
Dominican Republic,DO,DOM,214,"No Wasting, Overweight, Stunting",1991,74.3,Total,Units,%,Reanalysed,Free,Middle of fieldwork,Under 5 years old
Dominican Republic,DO,DOM,214,"No Wasting, Overweight, Stunting",1996,78.8,Total,Units,%,Reanalysed,Free,Middle of fieldwork,Under 5 years old
Dominican Republic,DO,DOM,214,"No Wasting, Overweight, Stunting",2000,85,Total,Units,%,Reanalysed,Free,Middle of fieldwork,Under 5 years old
Dominican Republic,DO,DOM,214,"No Wasting, Overweight, Stunting",2002,79.2,Total,Units,%,Reanalysed,Free,Middle of fieldwork,Under 5 years old
Dominican Republic,DO,DOM,214,"No Wasting, Overweight, Stunting",2006,84.2,Total,Units,%,Reanalysed,Free,Middle of fieldwork,Under 5 years old
Dominican Republic,DO,DOM,214,"No Wasting, Overweight, Stunting",2007,80.5,Total,Units,%,Reanalysed,Free,Middle of fieldwork,Under 5 years old
Dominican Republic,DO,DOM,214,"No Wasting, Overweight, Stunting",2013,84.1,Total,Units,%,Reanalysed,Free,Middle of fieldwork,Under 5 years old
Dominican Republic,DO,DOM,214,"No Wasting, Overweight, Stunting",2019,84.6,Total,Units,%,Reanalysed,Free,Middle of fieldwork,Under 5 years old
Ecuador,EC,ECU,218,"No Wasting, Overweight, Stunting",1999,68,Total,Units,%,Reanalysed,Free,Middle of fieldwork,Under 5 years old
Ecuador,EC,ECU,218,"No Wasting, Overweight, Stunting",2004,65.5,Total,Units,%,Reanalysed,Free,Middle of fieldwork,Under 5 years old
Ecuador,EC,ECU,218,"No Wasting, Overweight, Stunting",2006,68.3,Total,Units,%,Reanalysed,Free,Middle of fieldwork,Under 5 years old
Ecuador,EC,ECU,218,"No Wasting, Overweight, Stunting",2012,67.4,Total,Units,%,Reanalysed,Free,Middle of fieldwork,Under 5 years old
Ecuador,EC,ECU,218,"No Wasting, Overweight, Stunting",2014,69,Total,Units,%,Reanalysed,Free,Middle of fieldwork,Under 5 years old
Ecuador,EC,ECU,218,"No Wasting, Overweight, Stunting",2019,66.2,Total,Units,%,Reanalysed,Free,Middle of fieldwork,Under 5 years old
Egypt,EG,EGY,818,"No Wasting, Overweight, Stunting",1988,60.5,Total,Units,%,Reanalysed,Free,Middle of fieldwork,Under 5 years old
Egypt,EG,EGY,818,"No Wasting, Overweight, Stunting",1991,54.2,Total,Units,%,Reanalysed,Free,Middle of fieldwork,Under 5 years old
Egypt,EG,EGY,818,"No Wasting, Overweight, Stunting",1992,56.7,Total,Units,%,Reanalysed,Free,Middle of fieldwork,Under 5 years old
Egypt,EG,EGY,818,"No Wasting, Overweight, Stunting",1995,54.9,Total,Units,%,Reanalysed,Free,Middle of fieldwork,Under 5 years old
Egypt,EG,EGY,818,"No Wasting, Overweight, Stunting",2003,70.2,Total,Units,%,Reanalysed,Free,Middle of fieldwork,Under 5 years old
Egypt,EG,EGY,818,"No Wasting, Overweight, Stunting",2005,64.2,Total,Units,%,Reanalysed,Free,Middle of fieldwork,Under 5 years old
Egypt,EG,EGY,818,"No Wasting, Overweight, Stunting",2008,53,Total,Units,%,Reanalysed,Free,Middle of fieldwork,Under 5 years old
Egypt,EG,EGY,818,"No Wasting, Overweight, Stunting",2014,61.2,Total,Units,%,Reanalysed,Free,Middle of fieldwork,Under 5 years old
El Salvador,SV,SLV,222,"No Wasting, Overweight, Stunting",1993,65,Total,Units,%,Reanalysed,Free,Middle of fieldwork,Under 5 years old
El Salvador,SV,SLV,222,"No Wasting, Overweight, Stunting",1998,63.4,Total,Units,%,Reanalysed,Free,Middle of fieldwork,Under 5 years old
El Salvador,SV,SLV,222,"No Wasting, Overweight, Stunting",2003,69.6,Total,Units,%,Reanalysed,Free,Middle of fieldwork,Under 5 years old
El Salvador,SV,SLV,222,"No Wasting, Overweight, Stunting",2008,73.5,Total,Units,%,Reanalysed,Free,Middle of fieldwork,Under 5 years old
El Salvador,SV,SLV,222,"No Wasting, Overweight, Stunting",2014,78.9,Total,Units,%,Reanalysed,Free,Middle of fieldwork,Under 5 years old
Equatorial Guinea,GQ,GNQ,226,"No Wasting, Overweight, Stunting",2000,44.8,Total,Units,%,Reanalysed,Free,Middle of fieldwork,Under 5 years old
Eritrea,ER,ERI,232,"No Wasting, Overweight, Stunting",1995,45.5,Total,Units,%,Reanalysed,Free,Middle of fieldwork,Under 5 years old
Eritrea,ER,ERI,232,"No Wasting, Overweight, Stunting",2002,47.8,Total,Units,%,Reanalysed,Free,Middle of fieldwork,Under 5 years old
Eritrea,ER,ERI,232,"No Wasting, Overweight, Stunting",2010,38.6,Total,Units,%,Reanalysed,Free,Middle of fieldwork,Under 5 years old
Estonia,EE,EST,233,"No Wasting, Overweight, Stunting",2014,92.3,Total,Units,%,Reanalysed,Free,Middle of fieldwork,Under 5 years old
Swaziland,SZ,SWZ,748,"No Wasting, Overweight, Stunting",2000,53.8,Total,Units,%,Reanalysed,Free,Middle of fieldwork,Under 5 years old
Swaziland,SZ,SWZ,748,"No Wasting, Overweight, Stunting",2006,61.2,Total,Units,%,Reanalysed,Free,Middle of fieldwork,Under 5 years old
Swaziland,SZ,SWZ,748,"No Wasting, Overweight, Stunting",2010,60.7,Total,Units,%,Reanalysed,Free,Middle of fieldwork,Under 5 years old
Swaziland,SZ,SWZ,748,"No Wasting, Overweight, Stunting",2014,66.1,Total,Units,%,Reanalysed,Free,Middle of fieldwork,Under 5 years old
Ethiopia,ET,ETH,231,"No Wasting, Overweight, Stunting",2000,36.1,Total,Units,%,Reanalysed,Free,Middle of fieldwork,Under 5 years old
Ethiopia,ET,ETH,231,"No Wasting, Overweight, Stunting",2005,39.9,Total,Units,%,Reanalysed,Free,Middle of fieldwork,Under 5 years old
Ethiopia,ET,ETH,231,"No Wasting, Overweight, Stunting",2011,48.7,Total,Units,%,Reanalysed,Free,Middle of fieldwork,Under 5 years old
Ethiopia,ET,ETH,231,"No Wasting, Overweight, Stunting",2014,52.3,Total,Units,%,Reanalysed,Free,Middle of fieldwork,Under 5 years old
Ethiopia,ET,ETH,231,"No Wasting, Overweight, Stunting",2016,53.1,Total,Units,%,Reanalysed,Free,Middle of fieldwork,Under 5 years old
Ethiopia,ET,ETH,231,"No Wasting, Overweight, Stunting",2019,57.8,Total,Units,%,Reanalysed,Free,Middle of fieldwork,Under 5 years old
Fiji,FJ,FJI,242,"No Wasting, Overweight, Stunting",2021,82.9,Total,Units,%,Reanalysed,Free,Middle of fieldwork,Under 5 years old
Gabon,GA,GAB,266,"No Wasting, Overweight, Stunting",2000,67.4,Total,Units,%,Reanalysed,Free,Middle of fieldwork,Under 5 years old
Gabon,GA,GAB,266,"No Wasting, Overweight, Stunting",2012,74.8,Total,Units,%,Reanalysed,Free,Middle of fieldwork,Under 5 years old
Gambia,GM,GMB,270,"No Wasting, Overweight, Stunting",2000,67.8,Total,Units,%,Reanalysed,Free,Middle of fieldwork,Under 5 years old
Gambia,GM,GMB,270,"No Wasting, Overweight, Stunting",2006,65.6,Total,Units,%,Reanalysed,Free,Middle of fieldwork,Under 5 years old
Gambia,GM,GMB,270,"No Wasting, Overweight, Stunting",2010,69.1,Total,Units,%,Reanalysed,Free,Middle of fieldwork,Under 5 years old
Gambia,GM,GMB,270,"No Wasting, Overweight, Stunting",2012,71.8,Total,Units,%,Reanalysed,Free,Middle of fieldwork,Under 5 years old
Gambia,GM,GMB,270,"No Wasting, Overweight, Stunting",2013,65.4,Total,Units,%,Reanalysed,Free,Middle of fieldwork,Under 5 years old
Gambia,GM,GMB,270,"No Wasting, Overweight, Stunting",13-03-2018,75.7,Total,Units,%,Reanalysed,Free,Middle of fieldwork,Under 5 years old
Gambia,GM,GMB,270,"No Wasting, Overweight, Stunting",09-04-2018,79.7,Total,Units,%,Reanalysed,Free,Middle of fieldwork,Under 5 years old
Gambia,GM,GMB,270,"No Wasting, Overweight, Stunting",2020,77.1,Total,Units,%,Reanalysed,Free,Middle of fieldwork,Under 5 years old
Georgia,GE,GEO,268,"No Wasting, Overweight, Stunting",2005,68.3,Total,Units,%,Reanalysed,Free,Middle of fieldwork,Under 5 years old
Georgia,GE,GEO,268,"No Wasting, Overweight, Stunting",2009,72.7,Total,Units,%,Reanalysed,Free,Middle of fieldwork,Under 5 years old
Georgia,GE,GEO,268,"No Wasting, Overweight, Stunting",2018,87.6,Total,Units,%,Reanalysed,Free,Middle of fieldwork,Under 5 years old
Ghana,GH,GHA,288,"No Wasting, Overweight, Stunting",1988,61.2,Total,Units,%,Reanalysed,Free,Middle of fieldwork,Under 5 years old
Ghana,GH,GHA,288,"No Wasting, Overweight, Stunting",1993,55.4,Total,Units,%,Reanalysed,Free,Middle of fieldwork,Under 5 years old
Ghana,GH,GHA,288,"No Wasting, Overweight, Stunting",1997,58.3,Total,Units,%,Reanalysed,Free,Middle of fieldwork,Under 5 years old
Ghana,GH,GHA,288,"No Wasting, Overweight, Stunting",1998,60.3,Total,Units,%,Reanalysed,Free,Middle of fieldwork,Under 5 years old
Ghana,GH,GHA,288,"No Wasting, Overweight, Stunting",2003,56.1,Total,Units,%,Reanalysed,Free,Middle of fieldwork,Under 5 years old
Ghana,GH,GHA,288,"No Wasting, Overweight, Stunting",2006,66.3,Total,Units,%,Reanalysed,Free,Middle of fieldwork,Under 5 years old
Ghana,GH,GHA,288,"No Wasting, Overweight, Stunting",2008,61.5,Total,Units,%,Reanalysed,Free,Middle of fieldwork,Under 5 years old
Ghana,GH,GHA,288,"No Wasting, Overweight, Stunting",2011,70.8,Total,Units,%,Reanalysed,Free,Middle of fieldwork,Under 5 years old
Ghana,GH,GHA,288,"No Wasting, Overweight, Stunting",2014,76.1,Total,Units,%,Reanalysed,Free,Middle of fieldwork,Under 5 years old
Ghana,GH,GHA,288,"No Wasting, Overweight, Stunting",2017,76.2,Total,Units,%,Reanalysed,Free,Middle of fieldwork,Under 5 years old
Greece,GR,GRC,300,"No Wasting, Overweight, Stunting",2003,84.7,Total,Units,%,Reanalysed,Free,Middle of fieldwork,Under 5 years old
Guatemala,GT,GTM,320,"No Wasting, Overweight, Stunting",1987,36,Total,Units,%,Reanalysed,Free,Middle of fieldwork,Under 5 years old
Guatemala,GT,GTM,320,"No Wasting, Overweight, Stunting",1995,40.1,Total,Units,%,Reanalysed,Free,Middle of fieldwork,Under 5 years old
Guatemala,GT,GTM,320,"No Wasting, Overweight, Stunting",1999,41.4,Total,Units,%,Reanalysed,Free,Middle of fieldwork,Under 5 years old
Guatemala,GT,GTM,320,"No Wasting, Overweight, Stunting",2000,43.6,Total,Units,%,Reanalysed,Free,Middle of fieldwork,Under 5 years old
Guatemala,GT,GTM,320,"No Wasting, Overweight, Stunting",2002,41.7,Total,Units,%,Reanalysed,Free,Middle of fieldwork,Under 5 years old
Guatemala,GT,GTM,320,"No Wasting, Overweight, Stunting",2009,44.4,Total,Units,%,Reanalysed,Free,Middle of fieldwork,Under 5 years old
Guatemala,GT,GTM,320,"No Wasting, Overweight, Stunting",2015,49.6,Total,Units,%,Reanalysed,Free,Middle of fieldwork,Under 5 years old
Guinea,GN,GIN,324,"No Wasting, Overweight, Stunting",1999,59.7,Total,Units,%,Reanalysed,Free,Middle of fieldwork,Under 5 years old
Guinea,GN,GIN,324,"No Wasting, Overweight, Stunting",2005,51,Total,Units,%,Reanalysed,Free,Middle of fieldwork,Under 5 years old
Guinea,GN,GIN,324,"No Wasting, Overweight, Stunting",2007,57.1,Total,Units,%,Reanalysed,Free,Middle of fieldwork,Under 5 years old
Guinea,GN,GIN,324,"No Wasting, Overweight, Stunting",06-01-2012,61,Total,Units,%,Reanalysed,Free,Middle of fieldwork,Under 5 years old
Guinea,GN,GIN,324,"No Wasting, Overweight, Stunting",06-08-2012,59.2,Total,Units,%,Reanalysed,Free,Middle of fieldwork,Under 5 years old
Guinea,GN,GIN,324,"No Wasting, Overweight, Stunting",2016,59.6,Total,Units,%,Reanalysed,Free,Middle of fieldwork,Under 5 years old
Guinea,GN,GIN,324,"No Wasting, Overweight, Stunting",2018,59.7,Total,Units,%,Reanalysed,Free,Middle of fieldwork,Under 5 years old
Guinea-Bissau,GW,GNB,624,"No Wasting, Overweight, Stunting",2000,55,Total,Units,%,Reanalysed,Free,Middle of fieldwork,Under 5 years old
Guinea-Bissau,GW,GNB,624,"No Wasting, Overweight, Stunting",2010,62.8,Total,Units,%,Reanalysed,Free,Middle of fieldwork,Under 5 years old
Guinea-Bissau,GW,GNB,624,"No Wasting, Overweight, Stunting",2012,68.5,Total,Units,%,Reanalysed,Free,Middle of fieldwork,Under 5 years old
Guinea-Bissau,GW,GNB,624,"No Wasting, Overweight, Stunting",2014,67.2,Total,Units,%,Reanalysed,Free,Middle of fieldwork,Under 5 years old
Guinea-Bissau,GW,GNB,624,"No Wasting, Overweight, Stunting",15-01-2019,67.5,Total,Units,%,Reanalysed,Free,Middle of fieldwork,Under 5 years old
Guinea-Bissau,GW,GNB,624,"No Wasting, Overweight, Stunting",15-09-2019,65.9,Total,Units,%,Reanalysed,Free,Middle of fieldwork,Under 5 years old
Guyana,GY,GUY,328,"No Wasting, Overweight, Stunting",1993,78.8,Total,Units,%,Reanalysed,Free,Middle of fieldwork,Under 5 years old
Guyana,GY,GUY,328,"No Wasting, Overweight, Stunting",2000,71.9,Total,Units,%,Reanalysed,Free,Middle of fieldwork,Under 5 years old
Guyana,GY,GUY,328,"No Wasting, Overweight, Stunting",2006,70.4,Total,Units,%,Reanalysed,Free,Middle of fieldwork,Under 5 years old
Guyana,GY,GUY,328,"No Wasting, Overweight, Stunting",2009,71.5,Total,Units,%,Reanalysed,Free,Middle of fieldwork,Under 5 years old
Guyana,GY,GUY,328,"No Wasting, Overweight, Stunting",2014,78.8,Total,Units,%,Reanalysed,Free,Middle of fieldwork,Under 5 years old
Guyana,GY,GUY,328,"No Wasting, Overweight, Stunting",2019,79.6,Total,Units,%,Reanalysed,Free,Middle of fieldwork,Under 5 years old
Haiti,HT,HTI,332,"No Wasting, Overweight, Stunting",1994,55.3,Total,Units,%,Reanalysed,Free,Middle of fieldwork,Under 5 years old
Haiti,HT,HTI,332,"No Wasting, Overweight, Stunting",2000,65.1,Total,Units,%,Reanalysed,Free,Middle of fieldwork,Under 5 years old
Haiti,HT,HTI,332,"No Wasting, Overweight, Stunting",2006,61.2,Total,Units,%,Reanalysed,Free,Middle of fieldwork,Under 5 years old
Haiti,HT,HTI,332,"No Wasting, Overweight, Stunting",2012,72,Total,Units,%,Reanalysed,Free,Middle of fieldwork,Under 5 years old
Haiti,HT,HTI,332,"No Wasting, Overweight, Stunting",2017,72.8,Total,Units,%,Reanalysed,Free,Middle of fieldwork,Under 5 years old
Honduras,HN,HND,340,"No Wasting, Overweight, Stunting",1991,54.3,Total,Units,%,Reanalysed,Free,Middle of fieldwork,Under 5 years old
Honduras,HN,HND,340,"No Wasting, Overweight, Stunting",1996,54.3,Total,Units,%,Reanalysed,Free,Middle of fieldwork,Under 5 years old
Honduras,HN,HND,340,"No Wasting, Overweight, Stunting",2001,61.4,Total,Units,%,Reanalysed,Free,Middle of fieldwork,Under 5 years old
Honduras,HN,HND,340,"No Wasting, Overweight, Stunting",2006,64.5,Total,Units,%,Reanalysed,Free,Middle of fieldwork,Under 5 years old
Honduras,HN,HND,340,"No Wasting, Overweight, Stunting",2012,71.9,Total,Units,%,Reanalysed,Free,Middle of fieldwork,Under 5 years old
Honduras,HN,HND,340,"No Wasting, Overweight, Stunting",2019,75.8,Total,Units,%,Reanalysed,Free,Middle of fieldwork,Under 5 years old
India,IN,IND,356,"No Wasting, Overweight, Stunting",1992,31.5,Total,Units,%,Reanalysed,Free,Middle of fieldwork,Under 5 years old
India,IN,IND,356,"No Wasting, Overweight, Stunting",1999,37.2,Total,Units,%,Reanalysed,Free,Middle of fieldwork,Under 5 years old
India,IN,IND,356,"No Wasting, Overweight, Stunting",2006,40,Total,Units,%,Reanalysed,Free,Middle of fieldwork,Under 5 years old
India,IN,IND,356,"No Wasting, Overweight, Stunting",2015,46.6,Total,Units,%,Reanalysed,Free,Middle of fieldwork,Under 5 years old
India,IN,IND,356,"No Wasting, Overweight, Stunting",2020,49.4,Total,Units,%,Reanalysed,Free,Middle of fieldwork,Under 5 years old
Iraq,IQ,IRQ,368,"No Wasting, Overweight, Stunting",2000,63.7,Total,Units,%,Reanalysed,Free,Middle of fieldwork,Under 5 years old
Iraq,IQ,IRQ,368,"No Wasting, Overweight, Stunting",2006,60,Total,Units,%,Reanalysed,Free,Middle of fieldwork,Under 5 years old
Iraq,IQ,IRQ,368,"No Wasting, Overweight, Stunting",2011,66.6,Total,Units,%,Reanalysed,Free,Middle of fieldwork,Under 5 years old
Iraq,IQ,IRQ,368,"No Wasting, Overweight, Stunting",2018,80.6,Total,Units,%,Reanalysed,Free,Middle of fieldwork,Under 5 years old
Jamaica,JM,JAM,388,"No Wasting, Overweight, Stunting",1989,82.8,Total,Units,%,Reanalysed,Free,Middle of fieldwork,Under 5 years old
Jamaica,JM,JAM,388,"No Wasting, Overweight, Stunting",1991,81.3,Total,Units,%,Reanalysed,Free,Middle of fieldwork,Under 5 years old
Jamaica,JM,JAM,388,"No Wasting, Overweight, Stunting",1992,81.3,Total,Units,%,Reanalysed,Free,Middle of fieldwork,Under 5 years old
Jamaica,JM,JAM,388,"No Wasting, Overweight, Stunting",1993,80.6,Total,Units,%,Reanalysed,Free,Middle of fieldwork,Under 5 years old
Jamaica,JM,JAM,388,"No Wasting, Overweight, Stunting",1994,80.1,Total,Units,%,Reanalysed,Free,Middle of fieldwork,Under 5 years old
Jamaica,JM,JAM,388,"No Wasting, Overweight, Stunting",1995,81.6,Total,Units,%,Reanalysed,Free,Middle of fieldwork,Under 5 years old
Jamaica,JM,JAM,388,"No Wasting, Overweight, Stunting",1996,83.8,Total,Units,%,Reanalysed,Free,Middle of fieldwork,Under 5 years old
Jamaica,JM,JAM,388,"No Wasting, Overweight, Stunting",1997,84.5,Total,Units,%,Reanalysed,Free,Middle of fieldwork,Under 5 years old
Jamaica,JM,JAM,388,"No Wasting, Overweight, Stunting",1998,84.4,Total,Units,%,Reanalysed,Free,Middle of fieldwork,Under 5 years old
Jamaica,JM,JAM,388,"No Wasting, Overweight, Stunting",1999,86.1,Total,Units,%,Reanalysed,Free,Middle of fieldwork,Under 5 years old
Jamaica,JM,JAM,388,"No Wasting, Overweight, Stunting",2000,82.8,Total,Units,%,Reanalysed,Free,Middle of fieldwork,Under 5 years old
Jamaica,JM,JAM,388,"No Wasting, Overweight, Stunting",2001,85.8,Total,Units,%,Reanalysed,Free,Middle of fieldwork,Under 5 years old
Jamaica,JM,JAM,388,"No Wasting, Overweight, Stunting",2002,82.2,Total,Units,%,Reanalysed,Free,Middle of fieldwork,Under 5 years old
Jamaica,JM,JAM,388,"No Wasting, Overweight, Stunting",2004,83.6,Total,Units,%,Reanalysed,Free,Middle of fieldwork,Under 5 years old
Jamaica,JM,JAM,388,"No Wasting, Overweight, Stunting",2006,83.6,Total,Units,%,Reanalysed,Free,Middle of fieldwork,Under 5 years old
Jamaica,JM,JAM,388,"No Wasting, Overweight, Stunting",2007,84.8,Total,Units,%,Reanalysed,Free,Middle of fieldwork,Under 5 years old
Jamaica,JM,JAM,388,"No Wasting, Overweight, Stunting",2008,84.4,Total,Units,%,Reanalysed,Free,Middle of fieldwork,Under 5 years old
Jamaica,JM,JAM,388,"No Wasting, Overweight, Stunting",2010,85.8,Total,Units,%,Reanalysed,Free,Middle of fieldwork,Under 5 years old
Jamaica,JM,JAM,388,"No Wasting, Overweight, Stunting",2012,84.7,Total,Units,%,Reanalysed,Free,Middle of fieldwork,Under 5 years old
Jamaica,JM,JAM,388,"No Wasting, Overweight, Stunting",2014,83.8,Total,Units,%,Reanalysed,Free,Middle of fieldwork,Under 5 years old
Jamaica,JM,JAM,388,"No Wasting, Overweight, Stunting",2016,82.2,Total,Units,%,Reanalysed,Free,Middle of fieldwork,Under 5 years old
Jamaica,JM,JAM,388,"No Wasting, Overweight, Stunting",2018,86.5,Total,Units,%,Reanalysed,Free,Middle of fieldwork,Under 5 years old
Jordan,JO,JOR,400,"No Wasting, Overweight, Stunting",1990,70.8,Total,Units,%,Reanalysed,Free,Middle of fieldwork,Under 5 years old
Jordan,JO,JOR,400,"No Wasting, Overweight, Stunting",1997,83.8,Total,Units,%,Reanalysed,Free,Middle of fieldwork,Under 5 years old
Jordan,JO,JOR,400,"No Wasting, Overweight, Stunting",2002,82.4,Total,Units,%,Reanalysed,Free,Middle of fieldwork,Under 5 years old
Jordan,JO,JOR,400,"No Wasting, Overweight, Stunting",2009,84.4,Total,Units,%,Reanalysed,Free,Middle of fieldwork,Under 5 years old
Jordan,JO,JOR,400,"No Wasting, Overweight, Stunting",2012,86,Total,Units,%,Reanalysed,Free,Middle of fieldwork,Under 5 years old
Jordan,JO,JOR,400,"No Wasting, Overweight, Stunting",2019,84.2,Total,Units,%,Reanalysed,Free,Middle of fieldwork,Under 5 years old
Kazakhstan,KZ,KAZ,398,"No Wasting, Overweight, Stunting",1995,70.1,Total,Units,%,Reanalysed,Free,Middle of fieldwork,Under 5 years old
Kazakhstan,KZ,KAZ,398,"No Wasting, Overweight, Stunting",1999,80.2,Total,Units,%,Reanalysed,Free,Middle of fieldwork,Under 5 years old
Kazakhstan,KZ,KAZ,398,"No Wasting, Overweight, Stunting",2006,66.7,Total,Units,%,Reanalysed,Free,Middle of fieldwork,Under 5 years old
Kazakhstan,KZ,KAZ,398,"No Wasting, Overweight, Stunting",2010,74.5,Total,Units,%,Reanalysed,Free,Middle of fieldwork,Under 5 years old
Kazakhstan,KZ,KAZ,398,"No Wasting, Overweight, Stunting",2015,81.5,Total,Units,%,Reanalysed,Free,Middle of fieldwork,Under 5 years old
Kenya,KE,KEN,404,"No Wasting, Overweight, Stunting",1993,52.3,Total,Units,%,Reanalysed,Free,Middle of fieldwork,Under 5 years old
Kenya,KE,KEN,404,"No Wasting, Overweight, Stunting",1994,52.6,Total,Units,%,Reanalysed,Free,Middle of fieldwork,Under 5 years old
Kenya,KE,KEN,404,"No Wasting, Overweight, Stunting",1998,52.6,Total,Units,%,Reanalysed,Free,Middle of fieldwork,Under 5 years old
Kenya,KE,KEN,404,"No Wasting, Overweight, Stunting",2000,51.6,Total,Units,%,Reanalysed,Free,Middle of fieldwork,Under 5 years old
Kenya,KE,KEN,404,"No Wasting, Overweight, Stunting",2003,56.7,Total,Units,%,Reanalysed,Free,Middle of fieldwork,Under 5 years old
Kenya,KE,KEN,404,"No Wasting, Overweight, Stunting",2005,51.4,Total,Units,%,Reanalysed,Free,Middle of fieldwork,Under 5 years old
Kenya,KE,KEN,404,"No Wasting, Overweight, Stunting",2008,56.9,Total,Units,%,Reanalysed,Free,Middle of fieldwork,Under 5 years old
Kenya,KE,KEN,404,"No Wasting, Overweight, Stunting",2014,67.9,Total,Units,%,Reanalysed,Free,Middle of fieldwork,Under 5 years old
Kiribati,KI,KIR,296,"No Wasting, Overweight, Stunting",2018,80.4,Total,Units,%,Reanalysed,Free,Middle of fieldwork,Under 5 years old
Kyrgyzstan,KG,KGZ,417,"No Wasting, Overweight, Stunting",1997,59.2,Total,Units,%,Reanalysed,Free,Middle of fieldwork,Under 5 years old
Kyrgyzstan,KG,KGZ,417,"No Wasting, Overweight, Stunting",2006,72.3,Total,Units,%,Reanalysed,Free,Middle of fieldwork,Under 5 years old
Kyrgyzstan,KG,KGZ,417,"No Wasting, Overweight, Stunting",2012,74.2,Total,Units,%,Reanalysed,Free,Middle of fieldwork,Under 5 years old
Kyrgyzstan,KG,KGZ,417,"No Wasting, Overweight, Stunting",2014,79.1,Total,Units,%,Reanalysed,Free,Middle of fieldwork,Under 5 years old
Kyrgyzstan,KG,KGZ,417,"No Wasting, Overweight, Stunting",2018,81,Total,Units,%,Reanalysed,Free,Middle of fieldwork,Under 5 years old
Lao People's Democratic Republic,LA,LAO,418,"No Wasting, Overweight, Stunting",2000,39.8,Total,Units,%,Reanalysed,Free,Middle of fieldwork,Under 5 years old
Lao People's Democratic Republic,LA,LAO,418,"No Wasting, Overweight, Stunting",2006,48.4,Total,Units,%,Reanalysed,Free,Middle of fieldwork,Under 5 years old
Lao People's Democratic Republic,LA,LAO,418,"No Wasting, Overweight, Stunting",2011,51.4,Total,Units,%,Reanalysed,Free,Middle of fieldwork,Under 5 years old
Lao People's Democratic Republic,LA,LAO,418,"No Wasting, Overweight, Stunting",2015,57.2,Total,Units,%,Reanalysed,Free,Middle of fieldwork,Under 5 years old
Lao People's Democratic Republic,LA,LAO,418,"No Wasting, Overweight, Stunting",2017,58.4,Total,Units,%,Reanalysed,Free,Middle of fieldwork,Under 5 years old
Lesotho,LS,LSO,426,"No Wasting, Overweight, Stunting",2004,48.3,Total,Units,%,Reanalysed,Free,Middle of fieldwork,Under 5 years old
Lesotho,LS,LSO,426,"No Wasting, Overweight, Stunting",2009,53.6,Total,Units,%,Reanalysed,Free,Middle of fieldwork,Under 5 years old
Lesotho,LS,LSO,426,"No Wasting, Overweight, Stunting",2014,59.5,Total,Units,%,Reanalysed,Free,Middle of fieldwork,Under 5 years old
Lesotho,LS,LSO,426,"No Wasting, Overweight, Stunting",2018,59.9,Total,Units,%,Reanalysed,Free,Middle of fieldwork,Under 5 years old
Liberia,LR,LBR,430,"No Wasting, Overweight, Stunting",2000,49.2,Total,Units,%,Reanalysed,Free,Middle of fieldwork,Under 5 years old
Liberia,LR,LBR,430,"No Wasting, Overweight, Stunting",2007,52.9,Total,Units,%,Reanalysed,Free,Middle of fieldwork,Under 5 years old
Liberia,LR,LBR,430,"No Wasting, Overweight, Stunting",2010,57.5,Total,Units,%,Reanalysed,Free,Middle of fieldwork,Under 5 years old
Liberia,LR,LBR,430,"No Wasting, Overweight, Stunting",2013,62.3,Total,Units,%,Reanalysed,Free,Middle of fieldwork,Under 5 years old
Liberia,LR,LBR,430,"No Wasting, Overweight, Stunting",2016,65.7,Total,Units,%,Reanalysed,Free,Middle of fieldwork,Under 5 years old
Liberia,LR,LBR,430,"No Wasting, Overweight, Stunting",2019,65.3,Total,Units,%,Reanalysed,Free,Middle of fieldwork,Under 5 years old
Libyan Arab Jamahiriya,LY,LBY,434,"No Wasting, Overweight, Stunting",1995,68,Total,Units,%,Reanalysed,Free,Middle of fieldwork,Under 5 years old
Madagascar,MG,MDG,450,"No Wasting, Overweight, Stunting",1992,36,Total,Units,%,Reanalysed,Free,Middle of fieldwork,Under 5 years old
Madagascar,MG,MDG,450,"No Wasting, Overweight, Stunting",1997,39.7,Total,Units,%,Reanalysed,Free,Middle of fieldwork,Under 5 years old
Madagascar,MG,MDG,450,"No Wasting, Overweight, Stunting",2004,35.6,Total,Units,%,Reanalysed,Free,Middle of fieldwork,Under 5 years old
Madagascar,MG,MDG,450,"No Wasting, Overweight, Stunting",2012,47.7,Total,Units,%,Reanalysed,Free,Middle of fieldwork,Under 5 years old
Madagascar,MG,MDG,450,"No Wasting, Overweight, Stunting",2018,54.2,Total,Units,%,Reanalysed,Free,Middle of fieldwork,Under 5 years old
Malawi,MW,MWI,454,"No Wasting, Overweight, Stunting",1992,37.2,Total,Units,%,Reanalysed,Free,Middle of fieldwork,Under 5 years old
Malawi,MW,MWI,454,"No Wasting, Overweight, Stunting",1998,27.9,Total,Units,%,Reanalysed,Free,Middle of fieldwork,Under 5 years old
Malawi,MW,MWI,454,"No Wasting, Overweight, Stunting",2000,38.2,Total,Units,%,Reanalysed,Free,Middle of fieldwork,Under 5 years old
Malawi,MW,MWI,454,"No Wasting, Overweight, Stunting",2002,35.2,Total,Units,%,Reanalysed,Free,Middle of fieldwork,Under 5 years old
Malawi,MW,MWI,454,"No Wasting, Overweight, Stunting",2004,39.3,Total,Units,%,Reanalysed,Free,Middle of fieldwork,Under 5 years old
Malawi,MW,MWI,454,"No Wasting, Overweight, Stunting",2006,40.2,Total,Units,%,Reanalysed,Free,Middle of fieldwork,Under 5 years old
Malawi,MW,MWI,454,"No Wasting, Overweight, Stunting",2010,46.2,Total,Units,%,Reanalysed,Free,Middle of fieldwork,Under 5 years old
Malawi,MW,MWI,454,"No Wasting, Overweight, Stunting",2014,52.8,Total,Units,%,Reanalysed,Free,Middle of fieldwork,Under 5 years old
Malawi,MW,MWI,454,"No Wasting, Overweight, Stunting",2015,58.3,Total,Units,%,Reanalysed,Free,Middle of fieldwork,Under 5 years old
Malawi,MW,MWI,454,"No Wasting, Overweight, Stunting",15-01-2016,59.6,Total,Units,%,Reanalysed,Free,Middle of fieldwork,Under 5 years old
Malawi,MW,MWI,454,"No Wasting, Overweight, Stunting",11-05-2016,53.2,Total,Units,%,Reanalysed,Free,Middle of fieldwork,Under 5 years old
Malawi,MW,MWI,454,"No Wasting, Overweight, Stunting",01-12-2016,58.7,Total,Units,%,Reanalysed,Free,Middle of fieldwork,Under 5 years old
Malawi,MW,MWI,454,"No Wasting, Overweight, Stunting",2017,58.3,Total,Units,%,Reanalysed,Free,Middle of fieldwork,Under 5 years old
Malawi,MW,MWI,454,"No Wasting, Overweight, Stunting",2018,58.7,Total,Units,%,Reanalysed,Free,Middle of fieldwork,Under 5 years old
Malawi,MW,MWI,454,"No Wasting, Overweight, Stunting",2019,56.3,Total,Units,%,Reanalysed,Free,Middle of fieldwork,Under 5 years old
Malawi,MW,MWI,454,"No Wasting, Overweight, Stunting",16-04-2020,60.2,Total,Units,%,Reanalysed,Free,Middle of fieldwork,Under 5 years old
Malawi,MW,MWI,454,"No Wasting, Overweight, Stunting",11-12-2020,62.9,Total,Units,%,Reanalysed,Free,Middle of fieldwork,Under 5 years old
Maldives,MV,MDV,462,"No Wasting, Overweight, Stunting",2009,68,Total,Units,%,Reanalysed,Free,Middle of fieldwork,Under 5 years old
Maldives,MV,MDV,462,"No Wasting, Overweight, Stunting",2017,73.1,Total,Units,%,Reanalysed,Free,Middle of fieldwork,Under 5 years old
Mali,ML,MLI,466,"No Wasting, Overweight, Stunting",1987,64.5,Total,Units,%,Reanalysed,Free,Middle of fieldwork,Under 5 years old
Mali,ML,MLI,466,"No Wasting, Overweight, Stunting",1996,44.9,Total,Units,%,Reanalysed,Free,Middle of fieldwork,Under 5 years old
Mali,ML,MLI,466,"No Wasting, Overweight, Stunting",2001,48.3,Total,Units,%,Reanalysed,Free,Middle of fieldwork,Under 5 years old
Mali,ML,MLI,466,"No Wasting, Overweight, Stunting",2006,49.3,Total,Units,%,Reanalysed,Free,Middle of fieldwork,Under 5 years old
Mali,ML,MLI,466,"No Wasting, Overweight, Stunting",2010,66.2,Total,Units,%,Reanalysed,Free,Middle of fieldwork,Under 5 years old
Mali,ML,MLI,466,"No Wasting, Overweight, Stunting",2011,65,Total,Units,%,Reanalysed,Free,Middle of fieldwork,Under 5 years old
Mali,ML,MLI,466,"No Wasting, Overweight, Stunting",2014,62,Total,Units,%,Reanalysed,Free,Middle of fieldwork,Under 5 years old
Mali,ML,MLI,466,"No Wasting, Overweight, Stunting",22-05-2015,62.9,Total,Units,%,Reanalysed,Free,Middle of fieldwork,Under 5 years old
Mali,ML,MLI,466,"No Wasting, Overweight, Stunting",05-09-2015,60,Total,Units,%,Reanalysed,Free,Middle of fieldwork,Under 5 years old
Mali,ML,MLI,466,"No Wasting, Overweight, Stunting",2016,66.6,Total,Units,%,Reanalysed,Free,Middle of fieldwork,Under 5 years old
Mali,ML,MLI,466,"No Wasting, Overweight, Stunting",2017,66.9,Total,Units,%,Reanalysed,Free,Middle of fieldwork,Under 5 years old
Mali,ML,MLI,466,"No Wasting, Overweight, Stunting",24-07-2018,68.8,Total,Units,%,Reanalysed,Free,Middle of fieldwork,Under 5 years old
Mali,ML,MLI,466,"No Wasting, Overweight, Stunting",27-09-2018,65.9,Total,Units,%,Reanalysed,Free,Middle of fieldwork,Under 5 years old
Mali,ML,MLI,466,"No Wasting, Overweight, Stunting",2019,67.5,Total,Units,%,Reanalysed,Free,Middle of fieldwork,Under 5 years old
Mali,ML,MLI,466,"No Wasting, Overweight, Stunting",2020,71.5,Total,Units,%,Reanalysed,Free,Middle of fieldwork,Under 5 years old
Mali,ML,MLI,466,"No Wasting, Overweight, Stunting",2021,70.9,Total,Units,%,Reanalysed,Free,Middle of fieldwork,Under 5 years old
Marshall Islands,MH,MHL,584,"No Wasting, Overweight, Stunting",2017,60.5,Total,Units,%,Reanalysed,Free,Middle of fieldwork,Under 5 years old
Mauritania,MR,MRT,478,"No Wasting, Overweight, Stunting",2000,49,Total,Units,%,Reanalysed,Free,Middle of fieldwork,Under 5 years old
Mauritania,MR,MRT,478,"No Wasting, Overweight, Stunting",2007,57.8,Total,Units,%,Reanalysed,Free,Middle of fieldwork,Under 5 years old
Mauritania,MR,MRT,478,"No Wasting, Overweight, Stunting",2008,69.8,Total,Units,%,Reanalysed,Free,Middle of fieldwork,Under 5 years old
Mauritania,MR,MRT,478,"No Wasting, Overweight, Stunting",2011,59.1,Total,Units,%,Reanalysed,Free,Middle of fieldwork,Under 5 years old
Mauritania,MR,MRT,478,"No Wasting, Overweight, Stunting",2012,67.7,Total,Units,%,Reanalysed,Free,Middle of fieldwork,Under 5 years old
Mauritania,MR,MRT,478,"No Wasting, Overweight, Stunting",2015,60.9,Total,Units,%,Reanalysed,Free,Middle of fieldwork,Under 5 years old
Mauritania,MR,MRT,478,"No Wasting, Overweight, Stunting",2018,68.2,Total,Units,%,Reanalysed,Free,Middle of fieldwork,Under 5 years old
Mauritania,MR,MRT,478,"No Wasting, Overweight, Stunting",2019,71.2,Total,Units,%,Reanalysed,Free,Middle of fieldwork,Under 5 years old
Mauritania,MR,MRT,478,"No Wasting, Overweight, Stunting",2020,68.5,Total,Units,%,Reanalysed,Free,Middle of fieldwork,Under 5 years old
Mauritania,MR,MRT,478,"No Wasting, Overweight, Stunting",2021,74.1,Total,Units,%,Reanalysed,Free,Middle of fieldwork,Under 5 years old
Mexico,MX,MEX,484,"No Wasting, Overweight, Stunting",1988,64.6,Total,Units,%,Reanalysed,Free,Middle of fieldwork,Under 5 years old
Mexico,MX,MEX,484,"No Wasting, Overweight, Stunting",1998,70.7,Total,Units,%,Reanalysed,Free,Middle of fieldwork,Under 5 years old
Mexico,MX,MEX,484,"No Wasting, Overweight, Stunting",2006,77,Total,Units,%,Reanalysed,Free,Middle of fieldwork,Under 5 years old
Mexico,MX,MEX,484,"No Wasting, Overweight, Stunting",2012,77.4,Total,Units,%,Reanalysed,Free,Middle of fieldwork,Under 5 years old
Mexico,MX,MEX,484,"No Wasting, Overweight, Stunting",2015,82,Total,Units,%,Reanalysed,Free,Middle of fieldwork,Under 5 years old
Mexico,MX,MEX,484,"No Wasting, Overweight, Stunting",2016,83.3,Total,Units,%,Reanalysed,Free,Middle of fieldwork,Under 5 years old
Mexico,MX,MEX,484,"No Wasting, Overweight, Stunting",2019,78.5,Total,Units,%,Reanalysed,Free,Middle of fieldwork,Under 5 years old
Mexico,MX,MEX,484,"No Wasting, Overweight, Stunting",2020,77.4,Total,Units,%,Reanalysed,Free,Middle of fieldwork,Under 5 years old
Mexico,MX,MEX,484,"No Wasting, Overweight, Stunting",2021,78.9,Total,Units,%,Reanalysed,Free,Middle of fieldwork,Under 5 years old
Mongolia,MN,MNG,496,"No Wasting, Overweight, Stunting",2000,57.3,Total,Units,%,Reanalysed,Free,Middle of fieldwork,Under 5 years old
Mongolia,MN,MNG,496,"No Wasting, Overweight, Stunting",2005,62,Total,Units,%,Reanalysed,Free,Middle of fieldwork,Under 5 years old
Mongolia,MN,MNG,496,"No Wasting, Overweight, Stunting",22-08-2010,78.2,Total,Units,%,Reanalysed,Free,Middle of fieldwork,Under 5 years old
Mongolia,MN,MNG,496,"No Wasting, Overweight, Stunting",24-10-2010,74.5,Total,Units,%,Reanalysed,Free,Middle of fieldwork,Under 5 years old
Mongolia,MN,MNG,496,"No Wasting, Overweight, Stunting",2013,79.4,Total,Units,%,Reanalysed,Free,Middle of fieldwork,Under 5 years old
Mongolia,MN,MNG,496,"No Wasting, Overweight, Stunting",2016,81.5,Total,Units,%,Reanalysed,Free,Middle of fieldwork,Under 5 years old
Mongolia,MN,MNG,496,"No Wasting, Overweight, Stunting",2018,81.1,Total,Units,%,Reanalysed,Free,Middle of fieldwork,Under 5 years old
Montenegro,ME,MNE,499,"No Wasting, Overweight, Stunting",2005,75.6,Total,Units,%,Reanalysed,Free,Middle of fieldwork,Under 5 years old
Montenegro,ME,MNE,499,"No Wasting, Overweight, Stunting",2013,71.2,Total,Units,%,Reanalysed,Free,Middle of fieldwork,Under 5 years old
Montenegro,ME,MNE,499,"No Wasting, Overweight, Stunting",2018,84.2,Total,Units,%,Reanalysed,Free,Middle of fieldwork,Under 5 years old
Morocco,MA,MAR,504,"No Wasting, Overweight, Stunting",1987,62.8,Total,Units,%,Reanalysed,Free,Middle of fieldwork,Under 5 years old
Morocco,MA,MAR,504,"No Wasting, Overweight, Stunting",1992,60.9,Total,Units,%,Reanalysed,Free,Middle of fieldwork,Under 5 years old
Morocco,MA,MAR,504,"No Wasting, Overweight, Stunting",1997,60.5,Total,Units,%,Reanalysed,Free,Middle of fieldwork,Under 5 years old
Morocco,MA,MAR,504,"No Wasting, Overweight, Stunting",2003,59.4,Total,Units,%,Reanalysed,Free,Middle of fieldwork,Under 5 years old
Morocco,MA,MAR,504,"No Wasting, Overweight, Stunting",2011,74.7,Total,Units,%,Reanalysed,Free,Middle of fieldwork,Under 5 years old
Morocco,MA,MAR,504,"No Wasting, Overweight, Stunting",2017,75,Total,Units,%,Reanalysed,Free,Middle of fieldwork,Under 5 years old
Mozambique,MZ,MOZ,508,"No Wasting, Overweight, Stunting",1997,47.3,Total,Units,%,Reanalysed,Free,Middle of fieldwork,Under 5 years old
Mozambique,MZ,MOZ,508,"No Wasting, Overweight, Stunting",2001,40.6,Total,Units,%,Reanalysed,Free,Middle of fieldwork,Under 5 years old
Mozambique,MZ,MOZ,508,"No Wasting, Overweight, Stunting",2003,47.2,Total,Units,%,Reanalysed,Free,Middle of fieldwork,Under 5 years old
Mozambique,MZ,MOZ,508,"No Wasting, Overweight, Stunting",2008,52.3,Total,Units,%,Reanalysed,Free,Middle of fieldwork,Under 5 years old
Mozambique,MZ,MOZ,508,"No Wasting, Overweight, Stunting",2011,49.4,Total,Units,%,Reanalysed,Free,Middle of fieldwork,Under 5 years old
Mozambique,MZ,MOZ,508,"No Wasting, Overweight, Stunting",2015,51.7,Total,Units,%,Reanalysed,Free,Middle of fieldwork,Under 5 years old
Mozambique,MZ,MOZ,508,"No Wasting, Overweight, Stunting",2020,57.8,Total,Units,%,Reanalysed,Free,Middle of fieldwork,Under 5 years old
Burma,MM,MMR,104,"No Wasting, Overweight, Stunting",2000,51.9,Total,Units,%,Reanalysed,Free,Middle of fieldwork,Under 5 years old
Burma,MM,MMR,104,"No Wasting, Overweight, Stunting",2003,46.9,Total,Units,%,Reanalysed,Free,Middle of fieldwork,Under 5 years old
Burma,MM,MMR,104,"No Wasting, Overweight, Stunting",2016,64.6,Total,Units,%,Reanalysed,Free,Middle of fieldwork,Under 5 years old
Namibia,,NAM,516,"No Wasting, Overweight, Stunting",1992,56,Total,Units,%,Reanalysed,Free,Middle of fieldwork,Under 5 years old
Namibia,,NAM,516,"No Wasting, Overweight, Stunting",2000,62.4,Total,Units,%,Reanalysed,Free,Middle of fieldwork,Under 5 years old
Namibia,,NAM,516,"No Wasting, Overweight, Stunting",2007,62.5,Total,Units,%,Reanalysed,Free,Middle of fieldwork,Under 5 years old
Namibia,,NAM,516,"No Wasting, Overweight, Stunting",2013,69,Total,Units,%,Reanalysed,Free,Middle of fieldwork,Under 5 years old
Nepal,NP,NPL,524,"No Wasting, Overweight, Stunting",1996,38.3,Total,Units,%,Reanalysed,Free,Middle of fieldwork,Under 5 years old
Nepal,NP,NPL,524,"No Wasting, Overweight, Stunting",1998,36,Total,Units,%,Reanalysed,Free,Middle of fieldwork,Under 5 years old
Nepal,NP,NPL,524,"No Wasting, Overweight, Stunting",2001,38.4,Total,Units,%,Reanalysed,Free,Middle of fieldwork,Under 5 years old
Nepal,NP,NPL,524,"No Wasting, Overweight, Stunting",2006,44.3,Total,Units,%,Reanalysed,Free,Middle of fieldwork,Under 5 years old
Nepal,NP,NPL,524,"No Wasting, Overweight, Stunting",2011,51.9,Total,Units,%,Reanalysed,Free,Middle of fieldwork,Under 5 years old
Nepal,NP,NPL,524,"No Wasting, Overweight, Stunting",2014,54.5,Total,Units,%,Reanalysed,Free,Middle of fieldwork,Under 5 years old
Nepal,NP,NPL,524,"No Wasting, Overweight, Stunting",15-05-2016,56.5,Total,Units,%,Reanalysed,Free,Middle of fieldwork,Under 5 years old
Nepal,NP,NPL,524,"No Wasting, Overweight, Stunting",01-10-2016,56.8,Total,Units,%,Reanalysed,Free,Middle of fieldwork,Under 5 years old
Nepal,NP,NPL,524,"No Wasting, Overweight, Stunting",2019,58.7,Total,Units,%,Reanalysed,Free,Middle of fieldwork,Under 5 years old
Netherlands,NL,NLD,528,"No Wasting, Overweight, Stunting",1996,94.9,Total,Units,%,Reanalysed,Free,Middle of fieldwork,Under 5 years old
Netherlands,NL,NLD,528,"No Wasting, Overweight, Stunting",2009,93.9,Total,Units,%,Reanalysed,Free,Middle of fieldwork,Under 5 years old
Nicaragua,NI,NIC,558,"No Wasting, Overweight, Stunting",1993,65.1,Total,Units,%,Reanalysed,Free,Middle of fieldwork,Under 5 years old
Nicaragua,NI,NIC,558,"No Wasting, Overweight, Stunting",1998,62.5,Total,Units,%,Reanalysed,Free,Middle of fieldwork,Under 5 years old
Nicaragua,NI,NIC,558,"No Wasting, Overweight, Stunting",2001,68.1,Total,Units,%,Reanalysed,Free,Middle of fieldwork,Under 5 years old
Nicaragua,NI,NIC,558,"No Wasting, Overweight, Stunting",2007,71.1,Total,Units,%,Reanalysed,Free,Middle of fieldwork,Under 5 years old
Nicaragua,NI,NIC,558,"No Wasting, Overweight, Stunting",2012,74.3,Total,Units,%,Reanalysed,Free,Middle of fieldwork,Under 5 years old
Niger,NE,NER,562,"No Wasting, Overweight, Stunting",1992,43.4,Total,Units,%,Reanalysed,Free,Middle of fieldwork,Under 5 years old
Niger,NE,NER,562,"No Wasting, Overweight, Stunting",1998,39.4,Total,Units,%,Reanalysed,Free,Middle of fieldwork,Under 5 years old
Niger,NE,NER,562,"No Wasting, Overweight, Stunting",2000,39.2,Total,Units,%,Reanalysed,Free,Middle of fieldwork,Under 5 years old
Niger,NE,NER,562,"No Wasting, Overweight, Stunting",28-03-2006,37.7,Total,Units,%,Reanalysed,Free,Middle of fieldwork,Under 5 years old
Niger,NE,NER,562,"No Wasting, Overweight, Stunting",01-11-2006,44.2,Total,Units,%,Reanalysed,Free,Middle of fieldwork,Under 5 years old
Niger,NE,NER,562,"No Wasting, Overweight, Stunting",2007,46,Total,Units,%,Reanalysed,Free,Middle of fieldwork,Under 5 years old
Niger,NE,NER,562,"No Wasting, Overweight, Stunting",2008,50.8,Total,Units,%,Reanalysed,Free,Middle of fieldwork,Under 5 years old
Niger,NE,NER,562,"No Wasting, Overweight, Stunting",2009,49.6,Total,Units,%,Reanalysed,Free,Middle of fieldwork,Under 5 years old
Niger,NE,NER,562,"No Wasting, Overweight, Stunting",05-06-2010,46,Total,Units,%,Reanalysed,Free,Middle of fieldwork,Under 5 years old
Niger,NE,NER,562,"No Wasting, Overweight, Stunting",29-10-2010,47.1,Total,Units,%,Reanalysed,Free,Middle of fieldwork,Under 5 years old
Niger,NE,NER,562,"No Wasting, Overweight, Stunting",2011,44,Total,Units,%,Reanalysed,Free,Middle of fieldwork,Under 5 years old
Niger,NE,NER,562,"No Wasting, Overweight, Stunting",11-04-2012,44.1,Total,Units,%,Reanalysed,Free,Middle of fieldwork,Under 5 years old
Niger,NE,NER,562,"No Wasting, Overweight, Stunting",16-07-2012,53.5,Total,Units,%,Reanalysed,Free,Middle of fieldwork,Under 5 years old
Niger,NE,NER,562,"No Wasting, Overweight, Stunting",2013,51.9,Total,Units,%,Reanalysed,Free,Middle of fieldwork,Under 5 years old
Niger,NE,NER,562,"No Wasting, Overweight, Stunting",2014,50.8,Total,Units,%,Reanalysed,Free,Middle of fieldwork,Under 5 years old
Niger,NE,NER,562,"No Wasting, Overweight, Stunting",2015,47.5,Total,Units,%,Reanalysed,Free,Middle of fieldwork,Under 5 years old
Niger,NE,NER,562,"No Wasting, Overweight, Stunting",2016,53.7,Total,Units,%,Reanalysed,Free,Middle of fieldwork,Under 5 years old
Niger,NE,NER,562,"No Wasting, Overweight, Stunting",2018,46,Total,Units,%,Reanalysed,Free,Middle of fieldwork,Under 5 years old
Niger,NE,NER,562,"No Wasting, Overweight, Stunting",2019,48.2,Total,Units,%,Reanalysed,Free,Middle of fieldwork,Under 5 years old
Niger,NE,NER,562,"No Wasting, Overweight, Stunting",2020,48.5,Total,Units,%,Reanalysed,Free,Middle of fieldwork,Under 5 years old
Niger,NE,NER,562,"No Wasting, Overweight, Stunting",2021,49.8,Total,Units,%,Reanalysed,Free,Middle of fieldwork,Under 5 years old
Nigeria,NG,NGA,566,"No Wasting, Overweight, Stunting",1990,43.2,Total,Units,%,Reanalysed,Free,Middle of fieldwork,Under 5 years old
Nigeria,NG,NGA,566,"No Wasting, Overweight, Stunting",2003,47.6,Total,Units,%,Reanalysed,Free,Middle of fieldwork,Under 5 years old
Nigeria,NG,NGA,566,"No Wasting, Overweight, Stunting",2011,56.2,Total,Units,%,Reanalysed,Free,Middle of fieldwork,Under 5 years old
Nigeria,NG,NGA,566,"No Wasting, Overweight, Stunting",2014,60.9,Total,Units,%,Reanalysed,Free,Middle of fieldwork,Under 5 years old
Nigeria,NG,NGA,566,"No Wasting, Overweight, Stunting",2015,61.9,Total,Units,%,Reanalysed,Free,Middle of fieldwork,Under 5 years old
Nigeria,NG,NGA,566,"No Wasting, Overweight, Stunting",2016,50.5,Total,Units,%,Reanalysed,Free,Middle of fieldwork,Under 5 years old
Nigeria,NG,NGA,566,"No Wasting, Overweight, Stunting",02-04-2018,62.4,Total,Units,%,Reanalysed,Free,Middle of fieldwork,Under 5 years old
Nigeria,NG,NGA,566,"No Wasting, Overweight, Stunting",23-10-2018,58.3,Total,Units,%,Reanalysed,Free,Middle of fieldwork,Under 5 years old
Nigeria,NG,NGA,566,"No Wasting, Overweight, Stunting",2020,63.7,Total,Units,%,Reanalysed,Free,Middle of fieldwork,Under 5 years old
"Macedonia, the former Yugoslav Republic of",MK,MKD,807,"No Wasting, Overweight, Stunting",2005,73.4,Total,Units,%,Reanalysed,Free,Middle of fieldwork,Under 5 years old
"Macedonia, the former Yugoslav Republic of",MK,MKD,807,"No Wasting, Overweight, Stunting",2011,82,Total,Units,%,Reanalysed,Free,Middle of fieldwork,Under 5 years old
"Macedonia, the former Yugoslav Republic of",MK,MKD,807,"No Wasting, Overweight, Stunting",2019,82.5,Total,Units,%,Reanalysed,Free,Middle of fieldwork,Under 5 years old
Oman,OM,OMN,512,"No Wasting, Overweight, Stunting",1994,71.5,Total,Units,%,Reanalysed,Free,Middle of fieldwork,Under 5 years old
Oman,OM,OMN,512,"No Wasting, Overweight, Stunting",1999,76.7,Total,Units,%,Reanalysed,Free,Middle of fieldwork,Under 5 years old
Pakistan,PK,PAK,586,"No Wasting, Overweight, Stunting",1991,37,Total,Units,%,Reanalysed,Free,Middle of fieldwork,Under 5 years old
Pakistan,PK,PAK,586,"No Wasting, Overweight, Stunting",2001,47.6,Total,Units,%,Reanalysed,Free,Middle of fieldwork,Under 5 years old
Pakistan,PK,PAK,586,"No Wasting, Overweight, Stunting",2011,44.3,Total,Units,%,Reanalysed,Free,Middle of fieldwork,Under 5 years old
Pakistan,PK,PAK,586,"No Wasting, Overweight, Stunting",2013,47.3,Total,Units,%,Reanalysed,Free,Middle of fieldwork,Under 5 years old
Pakistan,PK,PAK,586,"No Wasting, Overweight, Stunting",2018,56.8,Total,Units,%,Reanalysed,Free,Middle of fieldwork,Under 5 years old
Panama,PA,PAN,591,"No Wasting, Overweight, Stunting",1997,77.2,Total,Units,%,Reanalysed,Free,Middle of fieldwork,Under 5 years old
Panama,PA,PAN,591,"No Wasting, Overweight, Stunting",2003,69.5,Total,Units,%,Reanalysed,Free,Middle of fieldwork,Under 5 years old
Panama,PA,PAN,591,"No Wasting, Overweight, Stunting",2008,72.9,Total,Units,%,Reanalysed,Free,Middle of fieldwork,Under 5 years old
Panama,PA,PAN,591,"No Wasting, Overweight, Stunting",2019,73.1,Total,Units,%,Reanalysed,Free,Middle of fieldwork,Under 5 years old
Papua New Guinea,PG,PNG,598,"No Wasting, Overweight, Stunting",2010,33.8,Total,Units,%,Reanalysed,Free,Middle of fieldwork,Under 5 years old
Paraguay,PY,PRY,600,"No Wasting, Overweight, Stunting",1990,76.4,Total,Units,%,Reanalysed,Free,Middle of fieldwork,Under 5 years old
Paraguay,PY,PRY,600,"No Wasting, Overweight, Stunting",2005,77.1,Total,Units,%,Reanalysed,Free,Middle of fieldwork,Under 5 years old
Paraguay,PY,PRY,600,"No Wasting, Overweight, Stunting",2012,78.1,Total,Units,%,Reanalysed,Free,Middle of fieldwork,Under 5 years old
Paraguay,PY,PRY,600,"No Wasting, Overweight, Stunting",2016,81.6,Total,Units,%,Reanalysed,Free,Middle of fieldwork,Under 5 years old
Peru,PE,PER,604,"No Wasting, Overweight, Stunting",1991,55.3,Total,Units,%,Reanalysed,Free,Middle of fieldwork,Under 5 years old
Peru,PE,PER,604,"No Wasting, Overweight, Stunting",1996,59.9,Total,Units,%,Reanalysed,Free,Middle of fieldwork,Under 5 years old
Peru,PE,PER,604,"No Wasting, Overweight, Stunting",2000,59.4,Total,Units,%,Reanalysed,Free,Middle of fieldwork,Under 5 years old
Peru,PE,PER,604,"No Wasting, Overweight, Stunting",2005,62.9,Total,Units,%,Reanalysed,Free,Middle of fieldwork,Under 5 years old
Peru,PE,PER,604,"No Wasting, Overweight, Stunting",2007,63.9,Total,Units,%,Reanalysed,Free,Middle of fieldwork,Under 5 years old
Peru,PE,PER,604,"No Wasting, Overweight, Stunting",2009,66.9,Total,Units,%,Reanalysed,Free,Middle of fieldwork,Under 5 years old
Peru,PE,PER,604,"No Wasting, Overweight, Stunting",23-07-2010,69.4,Total,Units,%,Reanalysed,Free,Middle of fieldwork,Under 5 years old
Peru,PE,PER,604,"No Wasting, Overweight, Stunting",01-08-2010,71.3,Total,Units,%,Reanalysed,Free,Middle of fieldwork,Under 5 years old
Peru,PE,PER,604,"No Wasting, Overweight, Stunting",2011,72.1,Total,Units,%,Reanalysed,Free,Middle of fieldwork,Under 5 years old
Peru,PE,PER,604,"No Wasting, Overweight, Stunting",31-01-2012,74.7,Total,Units,%,Reanalysed,Free,Middle of fieldwork,Under 5 years old
Peru,PE,PER,604,"No Wasting, Overweight, Stunting",31-07-2012,74.5,Total,Units,%,Reanalysed,Free,Middle of fieldwork,Under 5 years old
Peru,PE,PER,604,"No Wasting, Overweight, Stunting",2013,74.3,Total,Units,%,Reanalysed,Free,Middle of fieldwork,Under 5 years old
Peru,PE,PER,604,"No Wasting, Overweight, Stunting",2014,76.3,Total,Units,%,Reanalysed,Free,Middle of fieldwork,Under 5 years old
Peru,PE,PER,604,"No Wasting, Overweight, Stunting",2015,77.1,Total,Units,%,Reanalysed,Free,Middle of fieldwork,Under 5 years old
Peru,PE,PER,604,"No Wasting, Overweight, Stunting",2016,79.1,Total,Units,%,Reanalysed,Free,Middle of fieldwork,Under 5 years old
Peru,PE,PER,604,"No Wasting, Overweight, Stunting",2017,79.1,Total,Units,%,Reanalysed,Free,Middle of fieldwork,Under 5 years old
Peru,PE,PER,604,"No Wasting, Overweight, Stunting",2018,79.3,Total,Units,%,Reanalysed,Free,Middle of fieldwork,Under 5 years old
Peru,PE,PER,604,"No Wasting, Overweight, Stunting",2019,79.7,Total,Units,%,Reanalysed,Free,Middle of fieldwork,Under 5 years old
Peru,PE,PER,604,"No Wasting, Overweight, Stunting",2020,77.9,Total,Units,%,Reanalysed,Free,Middle of fieldwork,Under 5 years old
Peru,PE,PER,604,"No Wasting, Overweight, Stunting",2021,78.8,Total,Units,%,Reanalysed,Free,Middle of fieldwork,Under 5 years old
Philippines,PH,PHL,608,"No Wasting, Overweight, Stunting",2008,61.2,Total,Units,%,Reanalysed,Free,Middle of fieldwork,Under 5 years old
Philippines,PH,PHL,608,"No Wasting, Overweight, Stunting",2011,58.9,Total,Units,%,Reanalysed,Free,Middle of fieldwork,Under 5 years old
Philippines,PH,PHL,608,"No Wasting, Overweight, Stunting",2013,61.2,Total,Units,%,Reanalysed,Free,Middle of fieldwork,Under 5 years old
Philippines,PH,PHL,608,"No Wasting, Overweight, Stunting",2015,60.2,Total,Units,%,Reanalysed,Free,Middle of fieldwork,Under 5 years old
Poland,PL,POL,616,"No Wasting, Overweight, Stunting",2011,93.5,Total,Units,%,Reanalysed,Free,Middle of fieldwork,Under 5 years old
Portugal,PT,PRT,620,"No Wasting, Overweight, Stunting",2016,89.2,Total,Units,%,Reanalysed,Free,Middle of fieldwork,Under 5 years old
South Korea,KR,KOR,410,"No Wasting, Overweight, Stunting",2011,90.4,Total,Units,%,Reanalysed,Free,Middle of fieldwork,Under 5 years old
South Korea,KR,KOR,410,"No Wasting, Overweight, Stunting",2014,93,Total,Units,%,Reanalysed,Free,Middle of fieldwork,Under 5 years old
South Korea,KR,KOR,410,"No Wasting, Overweight, Stunting",2017,92.9,Total,Units,%,Reanalysed,Free,Middle of fieldwork,Under 5 years old
"Moldova, Republic of",MD,MDA,498,"No Wasting, Overweight, Stunting",2005,77.1,Total,Units,%,Reanalysed,Free,Middle of fieldwork,Under 5 years old
"Moldova, Republic of",MD,MDA,498,"No Wasting, Overweight, Stunting",2012,87.7,Total,Units,%,Reanalysed,Free,Middle of fieldwork,Under 5 years old
Rwanda,RW,RWA,646,"No Wasting, Overweight, Stunting",1992,38.8,Total,Units,%,Reanalysed,Free,Middle of fieldwork,Under 5 years old
Rwanda,RW,RWA,646,"No Wasting, Overweight, Stunting",2000,42.9,Total,Units,%,Reanalysed,Free,Middle of fieldwork,Under 5 years old
Rwanda,RW,RWA,646,"No Wasting, Overweight, Stunting",2005,42.7,Total,Units,%,Reanalysed,Free,Middle of fieldwork,Under 5 years old
Rwanda,RW,RWA,646,"No Wasting, Overweight, Stunting",2010,50.5,Total,Units,%,Reanalysed,Free,Middle of fieldwork,Under 5 years old
Rwanda,RW,RWA,646,"No Wasting, Overweight, Stunting",2012,51.9,Total,Units,%,Reanalysed,Free,Middle of fieldwork,Under 5 years old
Rwanda,RW,RWA,646,"No Wasting, Overweight, Stunting",09-01-2015,55.3,Total,Units,%,Reanalysed,Free,Middle of fieldwork,Under 5 years old
Rwanda,RW,RWA,646,"No Wasting, Overweight, Stunting",26-04-2015,59,Total,Units,%,Reanalysed,Free,Middle of fieldwork,Under 5 years old
Rwanda,RW,RWA,646,"No Wasting, Overweight, Stunting",2018,62.3,Total,Units,%,Reanalysed,Free,Middle of fieldwork,Under 5 years old
Rwanda,RW,RWA,646,"No Wasting, Overweight, Stunting",2020,62.4,Total,Units,%,Reanalysed,Free,Middle of fieldwork,Under 5 years old
Saint Lucia,LC,LCA,662,"No Wasting, Overweight, Stunting",2012,88.4,Total,Units,%,Reanalysed,Free,Middle of fieldwork,Under 5 years old
Samoa,WS,WSM,882,"No Wasting, Overweight, Stunting",2014,86.8,Total,Units,%,Reanalysed,Free,Middle of fieldwork,Under 5 years old
Samoa,WS,WSM,882,"No Wasting, Overweight, Stunting",2019,82.5,Total,Units,%,Reanalysed,Free,Middle of fieldwork,Under 5 years old
Sao Tome and Principe,ST,STP,678,"No Wasting, Overweight, Stunting",2014,78.6,Total,Units,%,Reanalysed,Free,Middle of fieldwork,Under 5 years old
Sao Tome and Principe,ST,STP,678,"No Wasting, Overweight, Stunting",2019,81.4,Total,Units,%,Reanalysed,Free,Middle of fieldwork,Under 5 years old
Senegal,SN,SEN,686,"No Wasting, Overweight, Stunting",1986,66.2,Total,Units,%,Reanalysed,Free,Middle of fieldwork,Under 5 years old
Senegal,SN,SEN,686,"No Wasting, Overweight, Stunting",1993,61.4,Total,Units,%,Reanalysed,Free,Middle of fieldwork,Under 5 years old
Senegal,SN,SEN,686,"No Wasting, Overweight, Stunting",2000,64.8,Total,Units,%,Reanalysed,Free,Middle of fieldwork,Under 5 years old
Senegal,SN,SEN,686,"No Wasting, Overweight, Stunting",2005,71.6,Total,Units,%,Reanalysed,Free,Middle of fieldwork,Under 5 years old
Senegal,SN,SEN,686,"No Wasting, Overweight, Stunting",2011,64.7,Total,Units,%,Reanalysed,Free,Middle of fieldwork,Under 5 years old
Senegal,SN,SEN,686,"No Wasting, Overweight, Stunting",2012,77.5,Total,Units,%,Reanalysed,Free,Middle of fieldwork,Under 5 years old
Senegal,SN,SEN,686,"No Wasting, Overweight, Stunting",01-02-2013,73.4,Total,Units,%,Reanalysed,Free,Middle of fieldwork,Under 5 years old
Senegal,SN,SEN,686,"No Wasting, Overweight, Stunting",20-06-2013,76.1,Total,Units,%,Reanalysed,Free,Middle of fieldwork,Under 5 years old
Senegal,SN,SEN,686,"No Wasting, Overweight, Stunting",10-06-2014,75.8,Total,Units,%,Reanalysed,Free,Middle of fieldwork,Under 5 years old
Senegal,SN,SEN,686,"No Wasting, Overweight, Stunting",01-07-2014,79,Total,Units,%,Reanalysed,Free,Middle of fieldwork,Under 5 years old
Senegal,SN,SEN,686,"No Wasting, Overweight, Stunting",21-06-2015,73.3,Total,Units,%,Reanalysed,Free,Middle of fieldwork,Under 5 years old
Senegal,SN,SEN,686,"No Wasting, Overweight, Stunting",30-10-2015,74.7,Total,Units,%,Reanalysed,Free,Middle of fieldwork,Under 5 years old
Senegal,SN,SEN,686,"No Wasting, Overweight, Stunting",2016,76.5,Total,Units,%,Reanalysed,Free,Middle of fieldwork,Under 5 years old
Senegal,SN,SEN,686,"No Wasting, Overweight, Stunting",2017,75.8,Total,Units,%,Reanalysed,Free,Middle of fieldwork,Under 5 years old
Senegal,SN,SEN,686,"No Wasting, Overweight, Stunting",2018,74.2,Total,Units,%,Reanalysed,Free,Middle of fieldwork,Under 5 years old
Senegal,SN,SEN,686,"No Wasting, Overweight, Stunting",09-02-2019,73.1,Total,Units,%,Reanalysed,Free,Middle of fieldwork,Under 5 years old
Senegal,SN,SEN,686,"No Wasting, Overweight, Stunting",16-08-2019,74.6,Total,Units,%,Reanalysed,Free,Middle of fieldwork,Under 5 years old
Serbia,RS,SRB,688,"No Wasting, Overweight, Stunting",2005,71.6,Total,Units,%,Reanalysed,Free,Middle of fieldwork,Under 5 years old
Serbia,RS,SRB,688,"No Wasting, Overweight, Stunting",2010,77.5,Total,Units,%,Reanalysed,Free,Middle of fieldwork,Under 5 years old
Serbia,RS,SRB,688,"No Wasting, Overweight, Stunting",2014,78.5,Total,Units,%,Reanalysed,Free,Middle of fieldwork,Under 5 years old
Serbia,RS,SRB,688,"No Wasting, Overweight, Stunting",2019,83,Total,Units,%,Reanalysed,Free,Middle of fieldwork,Under 5 years old
Sierra Leone,SL,SLE,694,"No Wasting, Overweight, Stunting",2000,54.6,Total,Units,%,Reanalysed,Free,Middle of fieldwork,Under 5 years old
Sierra Leone,SL,SLE,694,"No Wasting, Overweight, Stunting",2005,46,Total,Units,%,Reanalysed,Free,Middle of fieldwork,Under 5 years old
Sierra Leone,SL,SLE,694,"No Wasting, Overweight, Stunting",2010,62.1,Total,Units,%,Reanalysed,Free,Middle of fieldwork,Under 5 years old
Sierra Leone,SL,SLE,694,"No Wasting, Overweight, Stunting",2014,67,Total,Units,%,Reanalysed,Free,Middle of fieldwork,Under 5 years old
Sierra Leone,SL,SLE,694,"No Wasting, Overweight, Stunting",01-07-2017,62.2,Total,Units,%,Reanalysed,Free,Middle of fieldwork,Under 5 years old
Sierra Leone,SL,SLE,694,"No Wasting, Overweight, Stunting",19-09-2017,66.3,Total,Units,%,Reanalysed,Free,Middle of fieldwork,Under 5 years old
Sierra Leone,SL,SLE,694,"No Wasting, Overweight, Stunting",2019,64.3,Total,Units,%,Reanalysed,Free,Middle of fieldwork,Under 5 years old
Sierra Leone,SL,SLE,694,"No Wasting, Overweight, Stunting",2021,67.7,Total,Units,%,Reanalysed,Free,Middle of fieldwork,Under 5 years old
Solomon Islands,SB,SLB,90,"No Wasting, Overweight, Stunting",2015,59.8,Total,Units,%,Reanalysed,Free,Middle of fieldwork,Under 5 years old
Somalia,SO,SOM,706,"No Wasting, Overweight, Stunting",2006,46.9,Total,Units,%,Reanalysed,Free,Middle of fieldwork,Under 5 years old
Somalia,SO,SOM,706,"No Wasting, Overweight, Stunting",2009,62.6,Total,Units,%,Reanalysed,Free,Middle of fieldwork,Under 5 years old
South Africa,ZA,ZAF,710,"No Wasting, Overweight, Stunting",2008,60.2,Total,Units,%,Reanalysed,Free,Middle of fieldwork,Under 5 years old
South Africa,ZA,ZAF,710,"No Wasting, Overweight, Stunting",2015,65.6,Total,Units,%,Reanalysed,Free,Middle of fieldwork,Under 5 years old
South Africa,ZA,ZAF,710,"No Wasting, Overweight, Stunting",2016,61.4,Total,Units,%,Reanalysed,Free,Middle of fieldwork,Under 5 years old
South Africa,ZA,ZAF,710,"No Wasting, Overweight, Stunting",2017,67.2,Total,Units,%,Reanalysed,Free,Middle of fieldwork,Under 5 years old
South Sudan,SS,SSD,728,"No Wasting, Overweight, Stunting",2010,49.4,Total,Units,%,Reanalysed,Free,Middle of fieldwork,Under 5 years old
Sri Lanka,LK,LKA,144,"No Wasting, Overweight, Stunting",1987,60.3,Total,Units,%,Reanalysed,Free,Middle of fieldwork,Under 5 years old
Sri Lanka,LK,LKA,144,"No Wasting, Overweight, Stunting",1993,61.1,Total,Units,%,Reanalysed,Free,Middle of fieldwork,Under 5 years old
Sri Lanka,LK,LKA,144,"No Wasting, Overweight, Stunting",2000,69.1,Total,Units,%,Reanalysed,Free,Middle of fieldwork,Under 5 years old
Sri Lanka,LK,LKA,144,"No Wasting, Overweight, Stunting",2007,69,Total,Units,%,Reanalysed,Free,Middle of fieldwork,Under 5 years old
Sri Lanka,LK,LKA,144,"No Wasting, Overweight, Stunting",2012,69,Total,Units,%,Reanalysed,Free,Middle of fieldwork,Under 5 years old
Sri Lanka,LK,LKA,144,"No Wasting, Overweight, Stunting",2016,69.3,Total,Units,%,Reanalysed,Free,Middle of fieldwork,Under 5 years old
"Palestinian Territory, Occupied",PS,PSE,275,"No Wasting, Overweight, Stunting",1996,85.7,Total,Units,%,Reanalysed,Free,Middle of fieldwork,Under 5 years old
"Palestinian Territory, Occupied",PS,PSE,275,"No Wasting, Overweight, Stunting",2000,80.9,Total,Units,%,Reanalysed,Free,Middle of fieldwork,Under 5 years old
"Palestinian Territory, Occupied",PS,PSE,275,"No Wasting, Overweight, Stunting",2002,82.7,Total,Units,%,Reanalysed,Free,Middle of fieldwork,Under 5 years old
"Palestinian Territory, Occupied",PS,PSE,275,"No Wasting, Overweight, Stunting",2004,79.9,Total,Units,%,Reanalysed,Free,Middle of fieldwork,Under 5 years old
"Palestinian Territory, Occupied",PS,PSE,275,"No Wasting, Overweight, Stunting",2006,76.2,Total,Units,%,Reanalysed,Free,Middle of fieldwork,Under 5 years old
"Palestinian Territory, Occupied",PS,PSE,275,"No Wasting, Overweight, Stunting",2010,82.2,Total,Units,%,Reanalysed,Free,Middle of fieldwork,Under 5 years old
"Palestinian Territory, Occupied",PS,PSE,275,"No Wasting, Overweight, Stunting",2014,84.6,Total,Units,%,Reanalysed,Free,Middle of fieldwork,Under 5 years old
"Palestinian Territory, Occupied",PS,PSE,275,"No Wasting, Overweight, Stunting",2020,82.8,Total,Units,%,Reanalysed,Free,Middle of fieldwork,Under 5 years old
Sudan,SD,SDN,736,"No Wasting, Overweight, Stunting",2010,55.4,Total,Units,%,Reanalysed,Free,Middle of fieldwork,Under 5 years old
Sudan,SD,SDN,736,"No Wasting, Overweight, Stunting",2014,50.8,Total,Units,%,Reanalysed,Free,Middle of fieldwork,Under 5 years old
Suriname,SR,SUR,740,"No Wasting, Overweight, Stunting",2000,77.5,Total,Units,%,Reanalysed,Free,Middle of fieldwork,Under 5 years old
Suriname,SR,SUR,740,"No Wasting, Overweight, Stunting",2006,81.9,Total,Units,%,Reanalysed,Free,Middle of fieldwork,Under 5 years old
Suriname,SR,SUR,740,"No Wasting, Overweight, Stunting",2010,83.4,Total,Units,%,Reanalysed,Free,Middle of fieldwork,Under 5 years old
Suriname,SR,SUR,740,"No Wasting, Overweight, Stunting",2018,83.4,Total,Units,%,Reanalysed,Free,Middle of fieldwork,Under 5 years old
Syrian Arab Republic,SY,SYR,760,"No Wasting, Overweight, Stunting",1993,53.7,Total,Units,%,Reanalysed,Free,Middle of fieldwork,Under 5 years old
Syrian Arab Republic,SY,SYR,760,"No Wasting, Overweight, Stunting",2001,50.5,Total,Units,%,Reanalysed,Free,Middle of fieldwork,Under 5 years old
Syrian Arab Republic,SY,SYR,760,"No Wasting, Overweight, Stunting",2006,53.9,Total,Units,%,Reanalysed,Free,Middle of fieldwork,Under 5 years old
Syrian Arab Republic,SY,SYR,760,"No Wasting, Overweight, Stunting",2010,54.9,Total,Units,%,Reanalysed,Free,Middle of fieldwork,Under 5 years old
Tajikistan,TJ,TJK,762,"No Wasting, Overweight, Stunting",2005,57.6,Total,Units,%,Reanalysed,Free,Middle of fieldwork,Under 5 years old
Tajikistan,TJ,TJK,762,"No Wasting, Overweight, Stunting",2007,50.1,Total,Units,%,Reanalysed,Free,Middle of fieldwork,Under 5 years old
Tajikistan,TJ,TJK,762,"No Wasting, Overweight, Stunting",2009,65.3,Total,Units,%,Reanalysed,Free,Middle of fieldwork,Under 5 years old
Tajikistan,TJ,TJK,762,"No Wasting, Overweight, Stunting",2012,61.8,Total,Units,%,Reanalysed,Free,Middle of fieldwork,Under 5 years old
Tajikistan,TJ,TJK,762,"No Wasting, Overweight, Stunting",2016,75.3,Total,Units,%,Reanalysed,Free,Middle of fieldwork,Under 5 years old
Tajikistan,TJ,TJK,762,"No Wasting, Overweight, Stunting",2017,75.7,Total,Units,%,Reanalysed,Free,Middle of fieldwork,Under 5 years old
Thailand,TH,THA,764,"No Wasting, Overweight, Stunting",1987,70.2,Total,Units,%,Reanalysed,Free,Middle of fieldwork,Under 5 years old
Thailand,TH,THA,764,"No Wasting, Overweight, Stunting",2006,73.8,Total,Units,%,Reanalysed,Free,Middle of fieldwork,Under 5 years old
Thailand,TH,THA,764,"No Wasting, Overweight, Stunting",2012,69.7,Total,Units,%,Reanalysed,Free,Middle of fieldwork,Under 5 years old
Thailand,TH,THA,764,"No Wasting, Overweight, Stunting",2016,77.7,Total,Units,%,Reanalysed,Free,Middle of fieldwork,Under 5 years old
Thailand,TH,THA,764,"No Wasting, Overweight, Stunting",2019,73,Total,Units,%,Reanalysed,Free,Middle of fieldwork,Under 5 years old
Timor-Leste,TL,TLS,626,"No Wasting, Overweight, Stunting",2007,30.1,Total,Units,%,Reanalysed,Free,Middle of fieldwork,Under 5 years old
Timor-Leste,TL,TLS,626,"No Wasting, Overweight, Stunting",2009,28.6,Total,Units,%,Reanalysed,Free,Middle of fieldwork,Under 5 years old
Timor-Leste,TL,TLS,626,"No Wasting, Overweight, Stunting",2013,42.7,Total,Units,%,Reanalysed,Free,Middle of fieldwork,Under 5 years old
Timor-Leste,TL,TLS,626,"No Wasting, Overweight, Stunting",2020,48.2,Total,Units,%,Reanalysed,Free,Middle of fieldwork,Under 5 years old
Togo,TG,TGO,768,"No Wasting, Overweight, Stunting",1988,60.1,Total,Units,%,Reanalysed,Free,Middle of fieldwork,Under 5 years old
Togo,TG,TGO,768,"No Wasting, Overweight, Stunting",1998,59.8,Total,Units,%,Reanalysed,Free,Middle of fieldwork,Under 5 years old
Togo,TG,TGO,768,"No Wasting, Overweight, Stunting",2009,68.6,Total,Units,%,Reanalysed,Free,Middle of fieldwork,Under 5 years old
Togo,TG,TGO,768,"No Wasting, Overweight, Stunting",04-10-2010,66.4,Total,Units,%,Reanalysed,Free,Middle of fieldwork,Under 5 years old
Togo,TG,TGO,768,"No Wasting, Overweight, Stunting",21-12-2010,70,Total,Units,%,Reanalysed,Free,Middle of fieldwork,Under 5 years old
Togo,TG,TGO,768,"No Wasting, Overweight, Stunting",2012,69,Total,Units,%,Reanalysed,Free,Middle of fieldwork,Under 5 years old
Togo,TG,TGO,768,"No Wasting, Overweight, Stunting",2014,66.9,Total,Units,%,Reanalysed,Free,Middle of fieldwork,Under 5 years old
Togo,TG,TGO,768,"No Wasting, Overweight, Stunting",2017,71.3,Total,Units,%,Reanalysed,Free,Middle of fieldwork,Under 5 years old
Tonga,TO,TON,776,"No Wasting, Overweight, Stunting",2019,86.2,Total,Units,%,Reanalysed,Free,Middle of fieldwork,Under 5 years old
Trinidad and Tobago,TT,TTO,780,"No Wasting, Overweight, Stunting",1987,87.9,Total,Units,%,Reanalysed,Free,Middle of fieldwork,Under 5 years old
Trinidad and Tobago,TT,TTO,780,"No Wasting, Overweight, Stunting",2000,85.3,Total,Units,%,Reanalysed,Free,Middle of fieldwork,Under 5 years old
Trinidad and Tobago,TT,TTO,780,"No Wasting, Overweight, Stunting",2011,77.1,Total,Units,%,Reanalysed,Free,Middle of fieldwork,Under 5 years old
Tunisia,TN,TUN,788,"No Wasting, Overweight, Stunting",1988,73.3,Total,Units,%,Reanalysed,Free,Middle of fieldwork,Under 5 years old
Tunisia,TN,TUN,788,"No Wasting, Overweight, Stunting",2012,76.1,Total,Units,%,Reanalysed,Free,Middle of fieldwork,Under 5 years old
Tunisia,TN,TUN,788,"No Wasting, Overweight, Stunting",2018,75.7,Total,Units,%,Reanalysed,Free,Middle of fieldwork,Under 5 years old
Turkmenistan,TM,TKM,795,"No Wasting, Overweight, Stunting",2000,62.1,Total,Units,%,Reanalysed,Free,Middle of fieldwork,Under 5 years old
Turkmenistan,TM,TKM,795,"No Wasting, Overweight, Stunting",2006,72.5,Total,Units,%,Reanalysed,Free,Middle of fieldwork,Under 5 years old
Turkmenistan,TM,TKM,795,"No Wasting, Overweight, Stunting",2015,80.7,Total,Units,%,Reanalysed,Free,Middle of fieldwork,Under 5 years old
Turkmenistan,TM,TKM,795,"No Wasting, Overweight, Stunting",2019,86.5,Total,Units,%,Reanalysed,Free,Middle of fieldwork,Under 5 years old
Turks and Caicos Islands,TC,TCA,796,"No Wasting, Overweight, Stunting",2020,79.8,Total,Units,%,Reanalysed,Free,Middle of fieldwork,Under 5 years old
Tuvalu,TV,TUV,798,"No Wasting, Overweight, Stunting",2019,88.6,Total,Units,%,Reanalysed,Free,Middle of fieldwork,Under 5 years old
Turkey,TR,TUR,792,"No Wasting, Overweight, Stunting",1993,70.1,Total,Units,%,Reanalysed,Free,Middle of fieldwork,Under 5 years old
Turkey,TR,TUR,792,"No Wasting, Overweight, Stunting",1998,75.6,Total,Units,%,Reanalysed,Free,Middle of fieldwork,Under 5 years old
Turkey,TR,TUR,792,"No Wasting, Overweight, Stunting",2004,76.4,Total,Units,%,Reanalysed,Free,Middle of fieldwork,Under 5 years old
Turkey,TR,TUR,792,"No Wasting, Overweight, Stunting",2008,77.9,Total,Units,%,Reanalysed,Free,Middle of fieldwork,Under 5 years old
Turkey,TR,TUR,792,"No Wasting, Overweight, Stunting",2013,78.8,Total,Units,%,Reanalysed,Free,Middle of fieldwork,Under 5 years old
Turkey,TR,TUR,792,"No Wasting, Overweight, Stunting",2018,84.9,Total,Units,%,Reanalysed,Free,Middle of fieldwork,Under 5 years old
Uganda,UG,UGA,800,"No Wasting, Overweight, Stunting",1988,49.1,Total,Units,%,Reanalysed,Free,Middle of fieldwork,Under 5 years old
Uganda,UG,UGA,800,"No Wasting, Overweight, Stunting",1995,48.6,Total,Units,%,Reanalysed,Free,Middle of fieldwork,Under 5 years old
Uganda,UG,UGA,800,"No Wasting, Overweight, Stunting",2000,50.3,Total,Units,%,Reanalysed,Free,Middle of fieldwork,Under 5 years old
Uganda,UG,UGA,800,"No Wasting, Overweight, Stunting",2006,54.8,Total,Units,%,Reanalysed,Free,Middle of fieldwork,Under 5 years old
Uganda,UG,UGA,800,"No Wasting, Overweight, Stunting",2009,57.6,Total,Units,%,Reanalysed,Free,Middle of fieldwork,Under 5 years old
Uganda,UG,UGA,800,"No Wasting, Overweight, Stunting",02-05-2011,53.4,Total,Units,%,Reanalysed,Free,Middle of fieldwork,Under 5 years old
Uganda,UG,UGA,800,"No Wasting, Overweight, Stunting",16-09-2011,61,Total,Units,%,Reanalysed,Free,Middle of fieldwork,Under 5 years old
Uganda,UG,UGA,800,"No Wasting, Overweight, Stunting",2012,60.3,Total,Units,%,Reanalysed,Free,Middle of fieldwork,Under 5 years old
Uganda,UG,UGA,800,"No Wasting, Overweight, Stunting",2014,61,Total,Units,%,Reanalysed,Free,Middle of fieldwork,Under 5 years old
Uganda,UG,UGA,800,"No Wasting, Overweight, Stunting",2016,66,Total,Units,%,Reanalysed,Free,Middle of fieldwork,Under 5 years old
Uganda,UG,UGA,800,"No Wasting, Overweight, Stunting",2018,71.5,Total,Units,%,Reanalysed,Free,Middle of fieldwork,Under 5 years old
Uganda,UG,UGA,800,"No Wasting, Overweight, Stunting",2020,69.3,Total,Units,%,Reanalysed,Free,Middle of fieldwork,Under 5 years old
Ukraine,UA,UKR,804,"No Wasting, Overweight, Stunting",2000,55,Total,Units,%,Reanalysed,Free,Middle of fieldwork,Under 5 years old
"Tanzania, United Republic of",TZ,TZA,834,"No Wasting, Overweight, Stunting",1991,42.7,Total,Units,%,Reanalysed,Free,Middle of fieldwork,Under 5 years old
"Tanzania, United Republic of",TZ,TZA,834,"No Wasting, Overweight, Stunting",1996,43.7,Total,Units,%,Reanalysed,Free,Middle of fieldwork,Under 5 years old
"Tanzania, United Republic of",TZ,TZA,834,"No Wasting, Overweight, Stunting",1999,46.9,Total,Units,%,Reanalysed,Free,Middle of fieldwork,Under 5 years old
"Tanzania, United Republic of",TZ,TZA,834,"No Wasting, Overweight, Stunting",2004,51.5,Total,Units,%,Reanalysed,Free,Middle of fieldwork,Under 5 years old
"Tanzania, United Republic of",TZ,TZA,834,"No Wasting, Overweight, Stunting",2009,53.2,Total,Units,%,Reanalysed,Free,Middle of fieldwork,Under 5 years old
"Tanzania, United Republic of",TZ,TZA,834,"No Wasting, Overweight, Stunting",2010,52.3,Total,Units,%,Reanalysed,Free,Middle of fieldwork,Under 5 years old
"Tanzania, United Republic of",TZ,TZA,834,"No Wasting, Overweight, Stunting",2011,57.9,Total,Units,%,Reanalysed,Free,Middle of fieldwork,Under 5 years old
"Tanzania, United Republic of",TZ,TZA,834,"No Wasting, Overweight, Stunting",2013,56.9,Total,Units,%,Reanalysed,Free,Middle of fieldwork,Under 5 years old
"Tanzania, United Republic of",TZ,TZA,834,"No Wasting, Overweight, Stunting",2015,60.4,Total,Units,%,Reanalysed,Free,Middle of fieldwork,Under 5 years old
Uruguay,UY,URY,858,"No Wasting, Overweight, Stunting",2013,84.6,Total,Units,%,Reanalysed,Free,Middle of fieldwork,Under 5 years old
Uruguay,UY,URY,858,"No Wasting, Overweight, Stunting",2016,79,Total,Units,%,Reanalysed,Free,Middle of fieldwork,Under 5 years old
Uruguay,UY,URY,858,"No Wasting, Overweight, Stunting",2018,81.1,Total,Units,%,Reanalysed,Free,Middle of fieldwork,Under 5 years old
Uzbekistan,UZ,UZB,860,"No Wasting, Overweight, Stunting",1996,42.3,Total,Units,%,Reanalysed,Free,Middle of fieldwork,Under 5 years old
Uzbekistan,UZ,UZB,860,"No Wasting, Overweight, Stunting",2002,62.2,Total,Units,%,Reanalysed,Free,Middle of fieldwork,Under 5 years old
Uzbekistan,UZ,UZB,860,"No Wasting, Overweight, Stunting",2006,68.6,Total,Units,%,Reanalysed,Free,Middle of fieldwork,Under 5 years old
Uzbekistan,UZ,UZB,860,"No Wasting, Overweight, Stunting",2017,84.1,Total,Units,%,Reanalysed,Free,Middle of fieldwork,Under 5 years old
Vanuatu,VU,VUT,548,"No Wasting, Overweight, Stunting",2008,67,Total,Units,%,Reanalysed,Free,Middle of fieldwork,Under 5 years old
Vanuatu,VU,VUT,548,"No Wasting, Overweight, Stunting",2013,64.4,Total,Units,%,Reanalysed,Free,Middle of fieldwork,Under 5 years old
Viet Nam,VN,VNM,704,"No Wasting, Overweight, Stunting",1993,34.6,Total,Units,%,Reanalysed,Free,Middle of fieldwork,Under 5 years old
Viet Nam,VN,VNM,704,"No Wasting, Overweight, Stunting",2000,51.8,Total,Units,%,Reanalysed,Free,Middle of fieldwork,Under 5 years old
Viet Nam,VN,VNM,704,"No Wasting, Overweight, Stunting",2010,70.4,Total,Units,%,Reanalysed,Free,Middle of fieldwork,Under 5 years old
Yemen,YE,YEM,887,"No Wasting, Overweight, Stunting",1991,37.4,Total,Units,%,Reanalysed,Free,Middle of fieldwork,Under 5 years old
Yemen,YE,YEM,887,"No Wasting, Overweight, Stunting",1997,33.7,Total,Units,%,Reanalysed,Free,Middle of fieldwork,Under 5 years old
Yemen,YE,YEM,887,"No Wasting, Overweight, Stunting",2003,33.2,Total,Units,%,Reanalysed,Free,Middle of fieldwork,Under 5 years old
Yemen,YE,YEM,887,"No Wasting, Overweight, Stunting",2005,33.7,Total,Units,%,Reanalysed,Free,Middle of fieldwork,Under 5 years old
Yemen,YE,YEM,887,"No Wasting, Overweight, Stunting",2013,42.8,Total,Units,%,Reanalysed,Free,Middle of fieldwork,Under 5 years old
Zambia,ZM,ZMB,894,"No Wasting, Overweight, Stunting",1992,47.9,Total,Units,%,Reanalysed,Free,Middle of fieldwork,Under 5 years old
Zambia,ZM,ZMB,894,"No Wasting, Overweight, Stunting",1996,45.9,Total,Units,%,Reanalysed,Free,Middle of fieldwork,Under 5 years old
Zambia,ZM,ZMB,894,"No Wasting, Overweight, Stunting",1999,35.1,Total,Units,%,Reanalysed,Free,Middle of fieldwork,Under 5 years old
Zambia,ZM,ZMB,894,"No Wasting, Overweight, Stunting",2002,41.3,Total,Units,%,Reanalysed,Free,Middle of fieldwork,Under 5 years old
Zambia,ZM,ZMB,894,"No Wasting, Overweight, Stunting",2007,46.6,Total,Units,%,Reanalysed,Free,Middle of fieldwork,Under 5 years old
Zambia,ZM,ZMB,894,"No Wasting, Overweight, Stunting",2013,52.2,Total,Units,%,Reanalysed,Free,Middle of fieldwork,Under 5 years old
Zambia,ZM,ZMB,894,"No Wasting, Overweight, Stunting",2018,59.4,Total,Units,%,Reanalysed,Free,Middle of fieldwork,Under 5 years old
Zimbabwe,ZW,ZWE,716,"No Wasting, Overweight, Stunting",1988,64,Total,Units,%,Reanalysed,Free,Middle of fieldwork,Under 5 years old
Zimbabwe,ZW,ZWE,716,"No Wasting, Overweight, Stunting",1994,61.4,Total,Units,%,Reanalysed,Free,Middle of fieldwork,Under 5 years old
Zimbabwe,ZW,ZWE,716,"No Wasting, Overweight, Stunting",1999,54,Total,Units,%,Reanalysed,Free,Middle of fieldwork,Under 5 years old
Zimbabwe,ZW,ZWE,716,"No Wasting, Overweight, Stunting",2005,55,Total,Units,%,Reanalysed,Free,Middle of fieldwork,Under 5 years old
Zimbabwe,ZW,ZWE,716,"No Wasting, Overweight, Stunting",2009,61.2,Total,Units,%,Reanalysed,Free,Middle of fieldwork,Under 5 years old
Zimbabwe,ZW,ZWE,716,"No Wasting, Overweight, Stunting",2010,61.9,Total,Units,%,Reanalysed,Free,Middle of fieldwork,Under 5 years old
Zimbabwe,ZW,ZWE,716,"No Wasting, Overweight, Stunting",2014,68.1,Total,Units,%,Reanalysed,Free,Middle of fieldwork,Under 5 years old
Zimbabwe,ZW,ZWE,716,"No Wasting, Overweight, Stunting",2015,66.7,Total,Units,%,Reanalysed,Free,Middle of fieldwork,Under 5 years old
Zimbabwe,ZW,ZWE,716,"No Wasting, Overweight, Stunting",2019,72.7,Total,Units,%,Reanalysed,Free,Middle of fieldwork,Under 5 years old
